"filename", "language", "YAML", "TypeScript", "Handlebars", "JSON", "JSON with Comments", "JavaScript", "Shell Script", "Markdown", "Prisma", "Docker", "SQL", "SCSS", "XML", "HTML", "comment", "blank", "total"
"/Users/maciejfratczak/sps/.github/workflows/pr.yml", "YAML", 85, 0, 0, 0, 0, 0, 0, 0, 0, 0, 0, 0, 0, 0, 0, 3, 88
"/Users/maciejfratczak/sps/aio/dev/clean_postgres.sh", "Shell Script", 0, 0, 0, 0, 0, 0, 1, 0, 0, 0, 0, 0, 0, 0, 0, 1, 2
"/Users/maciejfratczak/sps/aio/dev/docker-compose.yml", "YAML", 16, 0, 0, 0, 0, 0, 0, 0, 0, 0, 0, 0, 0, 0, 0, 1, 17
"/Users/maciejfratczak/sps/aio/dev/infra-down.sh", "Shell Script", 0, 0, 0, 0, 0, 0, 1, 0, 0, 0, 0, 0, 0, 0, 0, 0, 1
"/Users/maciejfratczak/sps/aio/dev/infra-up.sh", "Shell Script", 0, 0, 0, 0, 0, 0, 5, 0, 0, 0, 0, 0, 0, 0, 1, 1, 7
"/Users/maciejfratczak/sps/api/.eslintrc.js", "JavaScript", 0, 0, 0, 0, 0, 25, 0, 0, 0, 0, 0, 0, 0, 0, 0, 1, 26
"/Users/maciejfratczak/sps/api/.prettierrc", "JSON", 0, 0, 0, 4, 0, 0, 0, 0, 0, 0, 0, 0, 0, 0, 0, 0, 4
"/Users/maciejfratczak/sps/api/Dockerfile", "Docker", 0, 0, 0, 0, 0, 0, 0, 0, 0, 13, 0, 0, 0, 0, 1, 6, 20
"/Users/maciejfratczak/sps/api/README.md", "Markdown", 0, 0, 0, 0, 0, 0, 0, 51, 0, 0, 0, 0, 0, 0, 2, 21, 74
"/Users/maciejfratczak/sps/api/nest-cli.json", "JSON", 0, 0, 0, 7, 0, 0, 0, 0, 0, 0, 0, 0, 0, 0, 4, 0, 11
"/Users/maciejfratczak/sps/api/package.json", "JSON", 0, 0, 0, 125, 0, 0, 0, 0, 0, 0, 0, 0, 0, 0, 0, 1, 126
"/Users/maciejfratczak/sps/api/prisma/migrations/20221020123109_init/migration.sql", "SQL", 0, 0, 0, 0, 0, 0, 0, 0, 0, 0, 19, 0, 0, 0, 4, 6, 29
"/Users/maciejfratczak/sps/api/prisma/migrations/20221021164801_role/migration.sql", "SQL", 0, 0, 0, 0, 0, 0, 0, 0, 0, 0, 2, 0, 0, 0, 2, 2, 6
"/Users/maciejfratczak/sps/api/prisma/migrations/20221024210303_parking_lots_and_drivers/migration.sql", "SQL", 0, 0, 0, 0, 0, 0, 0, 0, 0, 0, 22, 0, 0, 0, 6, 9, 37
"/Users/maciejfratczak/sps/api/prisma/migrations/20221024220538_implicit_many_to_many/migration.sql", "SQL", 0, 0, 0, 0, 0, 0, 0, 0, 0, 0, 11, 0, 0, 0, 14, 8, 33
"/Users/maciejfratczak/sps/api/prisma/migrations/20221025103053_parking_lot_operation_hours/migration.sql", "SQL", 0, 0, 0, 0, 0, 0, 0, 0, 0, 0, 4, 0, 0, 0, 10, 1, 15
"/Users/maciejfratczak/sps/api/prisma/migrations/20221027162050_created_at_parking_lot/migration.sql", "SQL", 0, 0, 0, 0, 0, 0, 0, 0, 0, 0, 1, 0, 0, 0, 1, 1, 3
"/Users/maciejfratczak/sps/api/prisma/migrations/20221027182320_change_hours_format/migration.sql", "SQL", 0, 0, 0, 0, 0, 0, 0, 0, 0, 0, 4, 0, 0, 0, 8, 1, 13
"/Users/maciejfratczak/sps/api/prisma/migrations/20221109195117_reservations/migration.sql", "SQL", 0, 0, 0, 0, 0, 0, 0, 0, 0, 0, 22, 0, 0, 0, 6, 8, 36
"/Users/maciejfratczak/sps/api/prisma/migrations/20221110082739_time_of_leave_optional/migration.sql", "SQL", 0, 0, 0, 0, 0, 0, 0, 0, 0, 0, 1, 0, 0, 0, 1, 1, 3
"/Users/maciejfratczak/sps/api/prisma/migrations/20221118164327_rrule_operation_time/migration.sql", "SQL", 0, 0, 0, 0, 0, 0, 0, 0, 0, 0, 3, 0, 0, 0, 9, 1, 13
"/Users/maciejfratczak/sps/api/prisma/schema.prisma", "Prisma", 0, 0, 0, 0, 0, 0, 0, 0, 79, 0, 0, 0, 0, 0, 0, 11, 90
"/Users/maciejfratczak/sps/api/prisma/seed.ts", "TypeScript", 0, 130, 0, 0, 0, 0, 0, 0, 0, 0, 0, 0, 0, 0, 1, 3, 134
"/Users/maciejfratczak/sps/api/scripts/run-e2e.sh", "Shell Script", 0, 0, 0, 0, 0, 0, 3, 0, 0, 0, 0, 0, 0, 0, 1, 1, 5
"/Users/maciejfratczak/sps/api/scripts/setup-prisma.sh", "Shell Script", 0, 0, 0, 0, 0, 0, 2, 0, 0, 0, 0, 0, 0, 0, 1, 1, 4
"/Users/maciejfratczak/sps/api/src/app.module.ts", "TypeScript", 0, 25, 0, 0, 0, 0, 0, 0, 0, 0, 0, 0, 0, 0, 0, 2, 27
"/Users/maciejfratczak/sps/api/src/application/application.exception.ts", "TypeScript", 0, 10, 0, 0, 0, 0, 0, 0, 0, 0, 0, 0, 0, 0, 0, 2, 12
"/Users/maciejfratczak/sps/api/src/application/application.module.ts", "TypeScript", 0, 36, 0, 0, 0, 0, 0, 0, 0, 0, 0, 0, 0, 0, 0, 4, 40
"/Users/maciejfratczak/sps/api/src/application/driver/driver.command.ts", "TypeScript", 0, 20, 0, 0, 0, 0, 0, 0, 0, 0, 0, 0, 0, 0, 0, 5, 25
"/Users/maciejfratczak/sps/api/src/application/driver/driver.finder.ts", "TypeScript", 0, 9, 0, 0, 0, 0, 0, 0, 0, 0, 0, 0, 0, 0, 0, 2, 11
"/Users/maciejfratczak/sps/api/src/application/driver/driver.read-model.ts", "TypeScript", 0, 39, 0, 0, 0, 0, 0, 0, 0, 0, 0, 0, 0, 0, 0, 4, 43
"/Users/maciejfratczak/sps/api/src/application/driver/driver.service.ts", "TypeScript", 0, 29, 0, 0, 0, 0, 0, 0, 0, 0, 0, 0, 0, 0, 0, 5, 34
"/Users/maciejfratczak/sps/api/src/application/language.service.ts", "TypeScript", 0, 5, 0, 0, 0, 0, 0, 0, 0, 0, 0, 0, 0, 0, 0, 2, 7
"/Users/maciejfratczak/sps/api/src/application/parking-lot/parking-lot.command.ts", "TypeScript", 0, 69, 0, 0, 0, 0, 0, 0, 0, 0, 0, 0, 0, 0, 0, 16, 85
"/Users/maciejfratczak/sps/api/src/application/parking-lot/parking-lot.finder.ts", "TypeScript", 0, 4, 0, 0, 0, 0, 0, 0, 0, 0, 0, 0, 0, 0, 0, 2, 6
"/Users/maciejfratczak/sps/api/src/application/parking-lot/parking-lot.read-model.ts", "TypeScript", 0, 13, 0, 0, 0, 0, 0, 0, 0, 0, 0, 0, 0, 0, 0, 2, 15
"/Users/maciejfratczak/sps/api/src/application/parking-lot/parking-lot.service.ts", "TypeScript", 0, 50, 0, 0, 0, 0, 0, 0, 0, 0, 0, 0, 0, 0, 0, 4, 54
"/Users/maciejfratczak/sps/api/src/application/reservation/reservation.command.ts", "TypeScript", 0, 28, 0, 0, 0, 0, 0, 0, 0, 0, 0, 0, 0, 0, 0, 8, 36
"/Users/maciejfratczak/sps/api/src/application/reservation/reservation.finder.ts", "TypeScript", 0, 10, 0, 0, 0, 0, 0, 0, 0, 0, 0, 0, 0, 0, 0, 2, 12
"/Users/maciejfratczak/sps/api/src/application/reservation/reservation.read-model.ts", "TypeScript", 0, 81, 0, 0, 0, 0, 0, 0, 0, 0, 0, 0, 0, 0, 0, 15, 96
"/Users/maciejfratczak/sps/api/src/application/reservation/reservation.service.ts", "TypeScript", 0, 60, 0, 0, 0, 0, 0, 0, 0, 0, 0, 0, 0, 0, 0, 8, 68
"/Users/maciejfratczak/sps/api/src/configuration.module.ts", "TypeScript", 0, 93, 0, 0, 0, 0, 0, 0, 0, 0, 0, 0, 0, 0, 0, 26, 119
"/Users/maciejfratczak/sps/api/src/domain/domain.exception.ts", "TypeScript", 0, 17, 0, 0, 0, 0, 0, 0, 0, 0, 0, 0, 0, 0, 0, 2, 19
"/Users/maciejfratczak/sps/api/src/domain/driver/driver.repository.ts", "TypeScript", 0, 6, 0, 0, 0, 0, 0, 0, 0, 0, 0, 0, 0, 0, 0, 2, 8
"/Users/maciejfratczak/sps/api/src/domain/driver/driver.ts", "TypeScript", 0, 50, 0, 0, 0, 0, 0, 0, 0, 0, 0, 0, 0, 0, 0, 7, 57
"/Users/maciejfratczak/sps/api/src/domain/driver/vehicle.ts", "TypeScript", 0, 10, 0, 0, 0, 0, 0, 0, 0, 0, 0, 0, 0, 0, 0, 3, 13
"/Users/maciejfratczak/sps/api/src/domain/id.ts", "TypeScript", 0, 4, 0, 0, 0, 0, 0, 0, 0, 0, 0, 0, 0, 0, 0, 1, 5
"/Users/maciejfratczak/sps/api/src/domain/parking-lot-availability.ts", "TypeScript", 0, 8, 0, 0, 0, 0, 0, 0, 0, 0, 0, 0, 0, 0, 0, 2, 10
"/Users/maciejfratczak/sps/api/src/domain/parking-lot/address.ts", "TypeScript", 0, 16, 0, 0, 0, 0, 0, 0, 0, 0, 0, 0, 0, 0, 0, 4, 20
"/Users/maciejfratczak/sps/api/src/domain/parking-lot/operation-time.ts", "TypeScript", 0, 122, 0, 0, 0, 0, 0, 0, 0, 0, 0, 0, 0, 0, 0, 12, 134
"/Users/maciejfratczak/sps/api/src/domain/parking-lot/parking-lot.repository.ts", "TypeScript", 0, 6, 0, 0, 0, 0, 0, 0, 0, 0, 0, 0, 0, 0, 0, 2, 8
"/Users/maciejfratczak/sps/api/src/domain/parking-lot/parking-lot.ts", "TypeScript", 0, 61, 0, 0, 0, 0, 0, 0, 0, 0, 0, 0, 0, 0, 0, 12, 73
"/Users/maciejfratczak/sps/api/src/domain/reservation/parking-ticket.ts", "TypeScript", 0, 63, 0, 0, 0, 0, 0, 0, 0, 0, 0, 0, 0, 0, 0, 7, 70
"/Users/maciejfratczak/sps/api/src/domain/reservation/reservation-status.ts", "TypeScript", 0, 5, 0, 0, 0, 0, 0, 0, 0, 0, 0, 0, 0, 0, 0, 1, 6
"/Users/maciejfratczak/sps/api/src/domain/reservation/reservation.factory.ts", "TypeScript", 0, 40, 0, 0, 0, 0, 0, 0, 0, 0, 0, 0, 0, 0, 0, 3, 43
"/Users/maciejfratczak/sps/api/src/domain/reservation/reservation.repository.ts", "TypeScript", 0, 6, 0, 0, 0, 0, 0, 0, 0, 0, 0, 0, 0, 0, 0, 2, 8
"/Users/maciejfratczak/sps/api/src/domain/reservation/reservation.ts", "TypeScript", 0, 151, 0, 0, 0, 0, 0, 0, 0, 0, 0, 0, 0, 0, 13, 15, 179
"/Users/maciejfratczak/sps/api/src/domain/reservation/scheduled-parking-time.ts", "TypeScript", 0, 53, 0, 0, 0, 0, 0, 0, 0, 0, 0, 0, 0, 0, 0, 9, 62
"/Users/maciejfratczak/sps/api/src/domain/time/moment.ts", "TypeScript", 0, 47, 0, 0, 0, 0, 0, 0, 0, 0, 0, 0, 0, 0, 0, 10, 57
"/Users/maciejfratczak/sps/api/src/domain/time/period.ts", "TypeScript", 0, 47, 0, 0, 0, 0, 0, 0, 0, 0, 0, 0, 0, 0, 0, 10, 57
"/Users/maciejfratczak/sps/api/src/domain/validate.decorator.ts", "TypeScript", 0, 36, 0, 0, 0, 0, 0, 0, 0, 0, 0, 0, 0, 0, 0, 4, 40
"/Users/maciejfratczak/sps/api/src/error.ts", "TypeScript", 0, 33, 0, 0, 0, 0, 0, 0, 0, 0, 0, 0, 0, 0, 0, 1, 34
"/Users/maciejfratczak/sps/api/src/i18n/en/domain.json", "JSON", 0, 0, 0, 11, 0, 0, 0, 0, 0, 0, 0, 0, 0, 0, 0, 1, 12
"/Users/maciejfratczak/sps/api/src/i18n/en/email.json", "JSON", 0, 0, 0, 3, 0, 0, 0, 0, 0, 0, 0, 0, 0, 0, 0, 1, 4
"/Users/maciejfratczak/sps/api/src/i18n/en/persistence.json", "JSON", 0, 0, 0, 10, 0, 0, 0, 0, 0, 0, 0, 0, 0, 0, 0, 1, 11
"/Users/maciejfratczak/sps/api/src/i18n/en/security.json", "JSON", 0, 0, 0, 13, 0, 0, 0, 0, 0, 0, 0, 0, 0, 0, 0, 1, 14
"/Users/maciejfratczak/sps/api/src/i18n/pl/domain.json", "JSON", 0, 0, 0, 11, 0, 0, 0, 0, 0, 0, 0, 0, 0, 0, 0, 1, 12
"/Users/maciejfratczak/sps/api/src/i18n/pl/email.json", "JSON", 0, 0, 0, 3, 0, 0, 0, 0, 0, 0, 0, 0, 0, 0, 0, 1, 4
"/Users/maciejfratczak/sps/api/src/i18n/pl/persistence.json", "JSON", 0, 0, 0, 10, 0, 0, 0, 0, 0, 0, 0, 0, 0, 0, 0, 1, 11
"/Users/maciejfratczak/sps/api/src/i18n/pl/security.json", "JSON", 0, 0, 0, 13, 0, 0, 0, 0, 0, 0, 0, 0, 0, 0, 0, 1, 14
"/Users/maciejfratczak/sps/api/src/infrastructure/email/email.service.ts", "TypeScript", 0, 64, 0, 0, 0, 0, 0, 0, 0, 0, 0, 0, 0, 0, 0, 5, 69
"/Users/maciejfratczak/sps/api/src/infrastructure/email/templates/account-registration-confirmation.en.hbs", "Handlebars", 0, 0, 105, 0, 0, 0, 0, 0, 0, 0, 0, 0, 0, 0, 0, 12, 117
"/Users/maciejfratczak/sps/api/src/infrastructure/email/templates/account-registration-confirmation.form.ts", "TypeScript", 0, 31, 0, 0, 0, 0, 0, 0, 0, 0, 0, 0, 0, 0, 0, 4, 35
"/Users/maciejfratczak/sps/api/src/infrastructure/email/templates/account-registration-confirmation.pl.hbs", "Handlebars", 0, 0, 105, 0, 0, 0, 0, 0, 0, 0, 0, 0, 0, 0, 0, 14, 119
"/Users/maciejfratczak/sps/api/src/infrastructure/infrastructure.module.ts", "TypeScript", 0, 92, 0, 0, 0, 0, 0, 0, 0, 0, 0, 0, 0, 0, 0, 5, 97
"/Users/maciejfratczak/sps/api/src/infrastructure/security/authentication/authentication.service.ts", "TypeScript", 0, 292, 0, 0, 0, 0, 0, 0, 0, 0, 0, 0, 0, 0, 2, 40, 334
"/Users/maciejfratczak/sps/api/src/infrastructure/security/authorization/jwt-auth.guard.ts", "TypeScript", 0, 4, 0, 0, 0, 0, 0, 0, 0, 0, 0, 0, 0, 0, 0, 2, 6
"/Users/maciejfratczak/sps/api/src/infrastructure/security/authorization/jwt-refresh.guard.ts", "TypeScript", 0, 4, 0, 0, 0, 0, 0, 0, 0, 0, 0, 0, 0, 0, 0, 2, 6
"/Users/maciejfratczak/sps/api/src/infrastructure/security/authorization/jwt.strategy.ts", "TypeScript", 0, 71, 0, 0, 0, 0, 0, 0, 0, 0, 0, 0, 0, 0, 0, 6, 77
"/Users/maciejfratczak/sps/api/src/infrastructure/security/authorization/policy/check-policies.decorator.ts", "TypeScript", 0, 5, 0, 0, 0, 0, 0, 0, 0, 0, 0, 0, 0, 0, 0, 2, 7
"/Users/maciejfratczak/sps/api/src/infrastructure/security/authorization/policy/driver.policy.ts", "TypeScript", 0, 30, 0, 0, 0, 0, 0, 0, 0, 0, 0, 0, 0, 0, 0, 2, 32
"/Users/maciejfratczak/sps/api/src/infrastructure/security/authorization/policy/policies.guard.ts", "TypeScript", 0, 32, 0, 0, 0, 0, 0, 0, 0, 0, 0, 0, 0, 0, 0, 3, 35
"/Users/maciejfratczak/sps/api/src/infrastructure/security/authorization/policy/policy.handler.ts", "TypeScript", 0, 11, 0, 0, 0, 0, 0, 0, 0, 0, 0, 0, 0, 0, 0, 3, 14
"/Users/maciejfratczak/sps/api/src/infrastructure/security/authorization/policy/reservation.policy.ts", "TypeScript", 0, 65, 0, 0, 0, 0, 0, 0, 0, 0, 0, 0, 0, 0, 0, 2, 67
"/Users/maciejfratczak/sps/api/src/infrastructure/security/authorization/reservation.authorization.service.ts", "TypeScript", 0, 44, 0, 0, 0, 0, 0, 0, 0, 0, 0, 0, 0, 0, 0, 8, 52
"/Users/maciejfratczak/sps/api/src/infrastructure/security/authorization/role.guard.ts", "TypeScript", 0, 16, 0, 0, 0, 0, 0, 0, 0, 0, 0, 0, 0, 0, 0, 4, 20
"/Users/maciejfratczak/sps/api/src/infrastructure/security/authorization/role.ts", "TypeScript", 0, 5, 0, 0, 0, 0, 0, 0, 0, 0, 0, 0, 0, 0, 0, 1, 6
"/Users/maciejfratczak/sps/api/src/infrastructure/security/authorization/roles.decorator.ts", "TypeScript", 0, 4, 0, 0, 0, 0, 0, 0, 0, 0, 0, 0, 0, 0, 0, 2, 6
"/Users/maciejfratczak/sps/api/src/infrastructure/security/cookie.service.ts", "TypeScript", 0, 112, 0, 0, 0, 0, 0, 0, 0, 0, 0, 0, 0, 0, 0, 15, 127
"/Users/maciejfratczak/sps/api/src/infrastructure/security/csrf/csrf.guard.ts", "TypeScript", 0, 13, 0, 0, 0, 0, 0, 0, 0, 0, 0, 0, 0, 0, 0, 4, 17
"/Users/maciejfratczak/sps/api/src/infrastructure/security/security.exception.ts", "TypeScript", 0, 18, 0, 0, 0, 0, 0, 0, 0, 0, 0, 0, 0, 0, 0, 2, 20
"/Users/maciejfratczak/sps/api/src/infrastructure/security/token.service.ts", "TypeScript", 0, 108, 0, 0, 0, 0, 0, 0, 0, 0, 0, 0, 0, 0, 14, 21, 143
"/Users/maciejfratczak/sps/api/src/infrastructure/security/user/user.command.ts", "TypeScript", 0, 14, 0, 0, 0, 0, 0, 0, 0, 0, 0, 0, 0, 0, 0, 3, 17
"/Users/maciejfratczak/sps/api/src/infrastructure/security/user/user.service.ts", "TypeScript", 0, 139, 0, 0, 0, 0, 0, 0, 0, 0, 0, 0, 0, 0, 0, 13, 152
"/Users/maciejfratczak/sps/api/src/infrastructure/security/user/user.store.ts", "TypeScript", 0, 13, 0, 0, 0, 0, 0, 0, 0, 0, 0, 0, 0, 0, 0, 2, 15
"/Users/maciejfratczak/sps/api/src/infrastructure/security/user/user.ts", "TypeScript", 0, 29, 0, 0, 0, 0, 0, 0, 0, 0, 0, 0, 0, 0, 0, 14, 43
"/Users/maciejfratczak/sps/api/src/infrastructure/web/controller/auth.controller.ts", "TypeScript", 0, 102, 0, 0, 0, 0, 0, 0, 0, 0, 0, 0, 0, 0, 0, 11, 113
"/Users/maciejfratczak/sps/api/src/infrastructure/web/controller/driver.controller.ts", "TypeScript", 0, 82, 0, 0, 0, 0, 0, 0, 0, 0, 0, 0, 0, 0, 0, 7, 89
"/Users/maciejfratczak/sps/api/src/infrastructure/web/controller/parking-lot.controller.ts", "TypeScript", 0, 63, 0, 0, 0, 0, 0, 0, 0, 0, 0, 0, 0, 0, 0, 6, 69
"/Users/maciejfratczak/sps/api/src/infrastructure/web/controller/reservation.controller.ts", "TypeScript", 0, 89, 0, 0, 0, 0, 0, 0, 0, 0, 0, 0, 0, 0, 0, 10, 99
"/Users/maciejfratczak/sps/api/src/infrastructure/web/controller/users.controller.ts", "TypeScript", 0, 20, 0, 0, 0, 0, 0, 0, 0, 0, 0, 0, 0, 0, 0, 4, 24
"/Users/maciejfratczak/sps/api/src/infrastructure/web/exception/exception.filter.ts", "TypeScript", 0, 77, 0, 0, 0, 0, 0, 0, 0, 0, 0, 0, 0, 0, 0, 7, 84
"/Users/maciejfratczak/sps/api/src/infrastructure/web/interceptor/current-user.interceptor.ts", "TypeScript", 0, 35, 0, 0, 0, 0, 0, 0, 0, 0, 0, 0, 0, 0, 0, 3, 38
"/Users/maciejfratczak/sps/api/src/infrastructure/web/interceptor/not-found.interceptor.ts", "TypeScript", 0, 23, 0, 0, 0, 0, 0, 0, 0, 0, 0, 0, 0, 0, 0, 2, 25
"/Users/maciejfratczak/sps/api/src/infrastructure/web/lang.service.ts", "TypeScript", 0, 15, 0, 0, 0, 0, 0, 0, 0, 0, 0, 0, 0, 0, 0, 3, 18
"/Users/maciejfratczak/sps/api/src/infrastructure/web/lang/lang.module.ts", "TypeScript", 0, 13, 0, 0, 0, 0, 0, 0, 0, 0, 0, 0, 0, 0, 0, 3, 16
"/Users/maciejfratczak/sps/api/src/main.ts", "TypeScript", 0, 26, 0, 0, 0, 0, 0, 0, 0, 0, 0, 0, 0, 0, 0, 2, 28
"/Users/maciejfratczak/sps/api/src/message.ts", "TypeScript", 0, 73, 0, 0, 0, 0, 0, 0, 0, 0, 0, 0, 0, 0, 6, 7, 86
"/Users/maciejfratczak/sps/api/src/persistence/persistence.module.ts", "TypeScript", 0, 73, 0, 0, 0, 0, 0, 0, 0, 0, 0, 0, 0, 0, 0, 6, 79
"/Users/maciejfratczak/sps/api/src/persistence/prisma/driver/prisma.driver.finder.ts", "TypeScript", 0, 190, 0, 0, 0, 0, 0, 0, 0, 0, 0, 0, 0, 0, 0, 6, 196
"/Users/maciejfratczak/sps/api/src/persistence/prisma/driver/prisma.driver.repository.ts", "TypeScript", 0, 71, 0, 0, 0, 0, 0, 0, 0, 0, 0, 0, 0, 0, 0, 5, 76
"/Users/maciejfratczak/sps/api/src/persistence/prisma/parking-lot/prisma.parking-lot.finder.ts", "TypeScript", 0, 40, 0, 0, 0, 0, 0, 0, 0, 0, 0, 0, 0, 0, 0, 4, 44
"/Users/maciejfratczak/sps/api/src/persistence/prisma/parking-lot/prisma.parking-lot.repository.ts", "TypeScript", 0, 62, 0, 0, 0, 0, 0, 0, 0, 0, 0, 0, 0, 0, 0, 4, 66
"/Users/maciejfratczak/sps/api/src/persistence/prisma/prisma.id.generator.ts", "TypeScript", 0, 9, 0, 0, 0, 0, 0, 0, 0, 0, 0, 0, 0, 0, 0, 2, 11
"/Users/maciejfratczak/sps/api/src/persistence/prisma/prisma.service.ts", "TypeScript", 0, 69, 0, 0, 0, 0, 0, 0, 0, 0, 0, 0, 0, 0, 0, 7, 76
"/Users/maciejfratczak/sps/api/src/persistence/prisma/reservation/prisma.parking-lot-availability.ts", "TypeScript", 0, 72, 0, 0, 0, 0, 0, 0, 0, 0, 0, 0, 0, 0, 0, 5, 77
"/Users/maciejfratczak/sps/api/src/persistence/prisma/reservation/prisma.reservation.finder.ts", "TypeScript", 0, 180, 0, 0, 0, 0, 0, 0, 0, 0, 0, 0, 0, 0, 2, 9, 191
"/Users/maciejfratczak/sps/api/src/persistence/prisma/reservation/prisma.reservation.repository.ts", "TypeScript", 0, 110, 0, 0, 0, 0, 0, 0, 0, 0, 0, 0, 0, 0, 0, 5, 115
"/Users/maciejfratczak/sps/api/src/persistence/prisma/user/prisma.registration-token.store.ts", "TypeScript", 0, 42, 0, 0, 0, 0, 0, 0, 0, 0, 0, 0, 0, 0, 0, 5, 47
"/Users/maciejfratczak/sps/api/src/persistence/prisma/user/prisma.user.store.ts", "TypeScript", 0, 44, 0, 0, 0, 0, 0, 0, 0, 0, 0, 0, 0, 0, 0, 7, 51
"/Users/maciejfratczak/sps/api/test/db.util.ts", "TypeScript", 0, 31, 0, 0, 0, 0, 0, 0, 0, 0, 0, 0, 0, 0, 0, 3, 34
"/Users/maciejfratczak/sps/api/test/docker-compose.yml", "YAML", 16, 0, 0, 0, 0, 0, 0, 0, 0, 0, 0, 0, 0, 0, 0, 1, 17
"/Users/maciejfratczak/sps/api/test/e2e/auth.controller.e2e-spec.ts", "TypeScript", 0, 381, 0, 0, 0, 0, 0, 0, 0, 0, 0, 0, 0, 0, 4, 28, 413
"/Users/maciejfratczak/sps/api/test/e2e/driver.controller.e2e-spec.ts", "TypeScript", 0, 340, 0, 0, 0, 0, 0, 0, 0, 0, 0, 0, 0, 0, 0, 10, 350
"/Users/maciejfratczak/sps/api/test/e2e/e2e-test.util.ts", "TypeScript", 0, 94, 0, 0, 0, 0, 0, 0, 0, 0, 0, 0, 0, 0, 0, 2, 96
"/Users/maciejfratczak/sps/api/test/e2e/parking-lot.controller.e2e-spec.ts", "TypeScript", 0, 452, 0, 0, 0, 0, 0, 0, 0, 0, 0, 0, 0, 0, 0, 9, 461
"/Users/maciejfratczak/sps/api/test/e2e/users.controller.e2e-spec.ts", "TypeScript", 0, 161, 0, 0, 0, 0, 0, 0, 0, 0, 0, 0, 0, 0, 0, 7, 168
"/Users/maciejfratczak/sps/api/test/jest-e2e.json", "JSON", 0, 0, 0, 10, 0, 0, 0, 0, 0, 0, 0, 0, 0, 0, 0, 1, 11
"/Users/maciejfratczak/sps/api/test/jest.json", "JSON", 0, 0, 0, 34, 0, 0, 0, 0, 0, 0, 0, 0, 0, 0, 0, 1, 35
"/Users/maciejfratczak/sps/api/test/jest.setup.ts", "TypeScript", 0, 12, 0, 0, 0, 0, 0, 0, 0, 0, 0, 0, 0, 0, 5, 2, 19
"/Users/maciejfratczak/sps/api/test/misc.util.ts", "TypeScript", 0, 72, 0, 0, 0, 0, 0, 0, 0, 0, 0, 0, 0, 0, 0, 4, 76
"/Users/maciejfratczak/sps/api/test/unit/application/driver/driver.service.spec.ts", "TypeScript", 0, 66, 0, 0, 0, 0, 0, 0, 0, 0, 0, 0, 0, 0, 0, 6, 72
"/Users/maciejfratczak/sps/api/test/unit/application/parking-lot/parking-lot.service.spec.ts", "TypeScript", 0, 98, 0, 0, 0, 0, 0, 0, 0, 0, 0, 0, 0, 0, 0, 6, 104
"/Users/maciejfratczak/sps/api/test/unit/application/reservation/reservation.service.spec.ts", "TypeScript", 0, 108, 0, 0, 0, 0, 0, 0, 0, 0, 0, 0, 0, 0, 0, 13, 121
"/Users/maciejfratczak/sps/api/test/unit/domain/driver/driver.spec.ts", "TypeScript", 0, 66, 0, 0, 0, 0, 0, 0, 0, 0, 0, 0, 0, 0, 0, 5, 71
"/Users/maciejfratczak/sps/api/test/unit/domain/parking-lot/operation-time.spec.ts", "TypeScript", 0, 175, 0, 0, 0, 0, 0, 0, 0, 0, 0, 0, 0, 0, 0, 12, 187
"/Users/maciejfratczak/sps/api/test/unit/domain/parking-lot/parking-lot.spec.ts", "TypeScript", 0, 125, 0, 0, 0, 0, 0, 0, 0, 0, 0, 0, 0, 0, 0, 7, 132
"/Users/maciejfratczak/sps/api/test/unit/domain/reservation/parking-ticket.spec.ts", "TypeScript", 0, 75, 0, 0, 0, 0, 0, 0, 0, 0, 0, 0, 0, 0, 0, 4, 79
"/Users/maciejfratczak/sps/api/test/unit/domain/reservation/reservation.factory.spec.ts", "TypeScript", 0, 60, 0, 0, 0, 0, 0, 0, 0, 0, 0, 0, 0, 0, 0, 5, 65
"/Users/maciejfratczak/sps/api/test/unit/domain/reservation/reservation.spec.ts", "TypeScript", 0, 335, 0, 0, 0, 0, 0, 0, 0, 0, 0, 0, 0, 0, 1, 15, 351
"/Users/maciejfratczak/sps/api/test/unit/domain/reservation/scheduled-parking-time.spec.ts", "TypeScript", 0, 115, 0, 0, 0, 0, 0, 0, 0, 0, 0, 0, 0, 0, 0, 5, 120
"/Users/maciejfratczak/sps/api/test/unit/domain/time/moment.spec.ts", "TypeScript", 0, 46, 0, 0, 0, 0, 0, 0, 0, 0, 0, 0, 0, 0, 0, 8, 54
"/Users/maciejfratczak/sps/api/test/unit/domain/time/period.spec.ts", "TypeScript", 0, 35, 0, 0, 0, 0, 0, 0, 0, 0, 0, 0, 0, 0, 0, 3, 38
"/Users/maciejfratczak/sps/api/test/unit/infrastructure/email/email.service.spec.ts", "TypeScript", 0, 93, 0, 0, 0, 0, 0, 0, 0, 0, 0, 0, 0, 0, 0, 4, 97
"/Users/maciejfratczak/sps/api/test/unit/infrastructure/security/authentication/authentication.service.spec.ts", "TypeScript", 0, 687, 0, 0, 0, 0, 0, 0, 0, 0, 0, 0, 0, 0, 34, 43, 764
"/Users/maciejfratczak/sps/api/test/unit/infrastructure/security/authorization/jwt.strategy.spec.ts", "TypeScript", 0, 53, 0, 0, 0, 0, 0, 0, 0, 0, 0, 0, 0, 0, 1, 4, 58
"/Users/maciejfratczak/sps/api/test/unit/infrastructure/security/authorization/policy/driver.policy.spec.ts", "TypeScript", 0, 58, 0, 0, 0, 0, 0, 0, 0, 0, 0, 0, 0, 0, 0, 5, 63
"/Users/maciejfratczak/sps/api/test/unit/infrastructure/security/authorization/policy/reservation.policy.spec.ts", "TypeScript", 0, 108, 0, 0, 0, 0, 0, 0, 0, 0, 0, 0, 0, 0, 0, 7, 115
"/Users/maciejfratczak/sps/api/test/unit/infrastructure/security/authorization/reservation.authorization.service.spec.ts", "TypeScript", 0, 160, 0, 0, 0, 0, 0, 0, 0, 0, 0, 0, 0, 0, 0, 18, 178
"/Users/maciejfratczak/sps/api/test/unit/infrastructure/security/cookie.service.spec.ts", "TypeScript", 0, 196, 0, 0, 0, 0, 0, 0, 0, 0, 0, 0, 0, 0, 23, 25, 244
"/Users/maciejfratczak/sps/api/test/unit/infrastructure/security/csrf/csrf.guard.spec.ts", "TypeScript", 0, 61, 0, 0, 0, 0, 0, 0, 0, 0, 0, 0, 0, 0, 0, 5, 66
"/Users/maciejfratczak/sps/api/test/unit/infrastructure/security/token.service.spec.ts", "TypeScript", 0, 233, 0, 0, 0, 0, 0, 0, 0, 0, 0, 0, 0, 0, 28, 34, 295
"/Users/maciejfratczak/sps/api/test/unit/infrastructure/security/user/user.service.spec.ts", "TypeScript", 0, 276, 0, 0, 0, 0, 0, 0, 0, 0, 0, 0, 0, 0, 7, 18, 301
"/Users/maciejfratczak/sps/api/test/unit/infrastructure/web/controller/auth.controller.spec.ts", "TypeScript", 0, 81, 0, 0, 0, 0, 0, 0, 0, 0, 0, 0, 0, 0, 0, 18, 99
"/Users/maciejfratczak/sps/api/test/unit/infrastructure/web/controller/driver.controller.spec.ts", "TypeScript", 0, 50, 0, 0, 0, 0, 0, 0, 0, 0, 0, 0, 0, 0, 0, 8, 58
"/Users/maciejfratczak/sps/api/test/unit/infrastructure/web/controller/parking-lot.controller.spec.ts", "TypeScript", 0, 46, 0, 0, 0, 0, 0, 0, 0, 0, 0, 0, 0, 0, 0, 9, 55
"/Users/maciejfratczak/sps/api/test/unit/infrastructure/web/controller/reservation.controller.spec.ts", "TypeScript", 0, 53, 0, 0, 0, 0, 0, 0, 0, 0, 0, 0, 0, 0, 0, 11, 64
"/Users/maciejfratczak/sps/api/test/unit/infrastructure/web/controller/users.controller.spec.ts", "TypeScript", 0, 29, 0, 0, 0, 0, 0, 0, 0, 0, 0, 0, 0, 0, 0, 4, 33
"/Users/maciejfratczak/sps/api/test/unit/infrastructure/web/interceptor/current-user.interceptor.spec.ts", "TypeScript", 0, 60, 0, 0, 0, 0, 0, 0, 0, 0, 0, 0, 0, 0, 3, 4, 67
"/Users/maciejfratczak/sps/api/test/unit/infrastructure/web/interceptor/not-found.interceptor.spec.ts", "TypeScript", 0, 31, 0, 0, 0, 0, 0, 0, 0, 0, 0, 0, 0, 0, 0, 2, 33
"/Users/maciejfratczak/sps/api/test/unit/persistence/prisma.driver.repository.spec.ts", "TypeScript", 0, 92, 0, 0, 0, 0, 0, 0, 0, 0, 0, 0, 0, 0, 0, 6, 98
"/Users/maciejfratczak/sps/api/test/unit/persistence/prisma.parking-lot.repository.spec.ts", "TypeScript", 0, 98, 0, 0, 0, 0, 0, 0, 0, 0, 0, 0, 0, 0, 0, 8, 106
"/Users/maciejfratczak/sps/api/test/unit/persistence/prisma.registration-token.store.spec.ts", "TypeScript", 0, 68, 0, 0, 0, 0, 0, 0, 0, 0, 0, 0, 0, 0, 0, 6, 74
"/Users/maciejfratczak/sps/api/test/unit/persistence/prisma.service.spec.ts", "TypeScript", 0, 14, 0, 0, 0, 0, 0, 0, 0, 0, 0, 0, 0, 0, 0, 5, 19
"/Users/maciejfratczak/sps/api/test/unit/persistence/prisma.user.store.spec.ts", "TypeScript", 0, 90, 0, 0, 0, 0, 0, 0, 0, 0, 0, 0, 0, 0, 0, 7, 97
"/Users/maciejfratczak/sps/api/tsconfig.build.json", "JSON", 0, 0, 0, 3, 0, 0, 0, 0, 0, 0, 0, 0, 0, 0, 2, 0, 5
"/Users/maciejfratczak/sps/api/tsconfig.json", "JSON with Comments", 0, 0, 0, 0, 21, 0, 0, 0, 0, 0, 0, 0, 0, 0, 0, 1, 22
"/Users/maciejfratczak/sps/docker-compose.dev.yml", "YAML", 19, 0, 0, 0, 0, 0, 0, 0, 0, 0, 0, 0, 0, 0, 0, 1, 20
"/Users/maciejfratczak/sps/docker-compose.yml", "YAML", 8, 0, 0, 0, 0, 0, 0, 0, 0, 0, 0, 0, 0, 0, 0, 1, 9
"/Users/maciejfratczak/sps/frontend/.eslintrc.js", "JavaScript", 0, 0, 0, 0, 0, 25, 0, 0, 0, 0, 0, 0, 0, 0, 0, 1, 26
"/Users/maciejfratczak/sps/frontend/.prettierrc", "JSON", 0, 0, 0, 4, 0, 0, 0, 0, 0, 0, 0, 0, 0, 0, 0, 1, 5
"/Users/maciejfratczak/sps/frontend/angular.json", "JSON", 0, 0, 0, 128, 0, 0, 0, 0, 0, 0, 0, 0, 0, 0, 0, 1, 129
"/Users/maciejfratczak/sps/frontend/karma.conf.js", "JavaScript", 0, 0, 0, 0, 0, 32, 0, 0, 0, 0, 0, 0, 0, 0, 2, 2, 36
"/Users/maciejfratczak/sps/frontend/package.json", "JSON", 0, 0, 0, 65, 0, 0, 0, 0, 0, 0, 0, 0, 0, 0, 0, 1, 66
"/Users/maciejfratczak/sps/frontend/src/_theme.scss", "SCSS", 0, 0, 0, 0, 0, 0, 0, 0, 0, 0, 0, 5, 0, 0, 0, 4, 9
"/Users/maciejfratczak/sps/frontend/src/_variables.scss", "SCSS", 0, 0, 0, 0, 0, 0, 0, 0, 0, 0, 0, 120, 0, 0, 8, 23, 151
"/Users/maciejfratczak/sps/frontend/src/app/admin-dashboard/admin-dashboard.component.html", "HTML", 0, 0, 0, 0, 0, 0, 0, 0, 0, 0, 0, 0, 0, 9, 0, 2, 11
"/Users/maciejfratczak/sps/frontend/src/app/admin-dashboard/admin-dashboard.component.scss", "SCSS", 0, 0, 0, 0, 0, 0, 0, 0, 0, 0, 0, 25, 0, 0, 0, 4, 29
"/Users/maciejfratczak/sps/frontend/src/app/admin-dashboard/admin-dashboard.component.ts", "TypeScript", 0, 38, 0, 0, 0, 0, 0, 0, 0, 0, 0, 0, 0, 0, 0, 2, 40
"/Users/maciejfratczak/sps/frontend/src/app/admin-dashboard/drivers/assign-parking-lot-dialog/assign-parking-lot-dialog.component.html", "HTML", 0, 0, 0, 0, 0, 0, 0, 0, 0, 0, 0, 0, 0, 30, 0, 1, 31
"/Users/maciejfratczak/sps/frontend/src/app/admin-dashboard/drivers/assign-parking-lot-dialog/assign-parking-lot-dialog.component.scss", "SCSS", 0, 0, 0, 0, 0, 0, 0, 0, 0, 0, 0, 0, 0, 0, 0, 1, 1
"/Users/maciejfratczak/sps/frontend/src/app/admin-dashboard/drivers/assign-parking-lot-dialog/assign-parking-lot-dialog.component.spec.ts", "TypeScript", 0, 94, 0, 0, 0, 0, 0, 0, 0, 0, 0, 0, 0, 0, 0, 7, 101
"/Users/maciejfratczak/sps/frontend/src/app/admin-dashboard/drivers/assign-parking-lot-dialog/assign-parking-lot-dialog.component.ts", "TypeScript", 0, 29, 0, 0, 0, 0, 0, 0, 0, 0, 0, 0, 0, 0, 0, 7, 36
"/Users/maciejfratczak/sps/frontend/src/app/admin-dashboard/drivers/details/details.component.html", "HTML", 0, 0, 0, 0, 0, 0, 0, 0, 0, 0, 0, 0, 0, 44, 0, 3, 47
"/Users/maciejfratczak/sps/frontend/src/app/admin-dashboard/drivers/details/details.component.scss", "SCSS", 0, 0, 0, 0, 0, 0, 0, 0, 0, 0, 0, 20, 0, 0, 0, 3, 23
"/Users/maciejfratczak/sps/frontend/src/app/admin-dashboard/drivers/details/details.component.spec.ts", "TypeScript", 0, 155, 0, 0, 0, 0, 0, 0, 0, 0, 0, 0, 0, 0, 9, 17, 181
"/Users/maciejfratczak/sps/frontend/src/app/admin-dashboard/drivers/details/details.component.ts", "TypeScript", 0, 67, 0, 0, 0, 0, 0, 0, 0, 0, 0, 0, 0, 0, 0, 7, 74
"/Users/maciejfratczak/sps/frontend/src/app/admin-dashboard/drivers/list/list.component.html", "HTML", 0, 0, 0, 0, 0, 0, 0, 0, 0, 0, 0, 0, 0, 10, 0, 1, 11
"/Users/maciejfratczak/sps/frontend/src/app/admin-dashboard/drivers/list/list.component.scss", "SCSS", 0, 0, 0, 0, 0, 0, 0, 0, 0, 0, 0, 0, 0, 0, 0, 1, 1
"/Users/maciejfratczak/sps/frontend/src/app/admin-dashboard/drivers/list/list.component.spec.ts", "TypeScript", 0, 63, 0, 0, 0, 0, 0, 0, 0, 0, 0, 0, 0, 0, 0, 5, 68
"/Users/maciejfratczak/sps/frontend/src/app/admin-dashboard/drivers/list/list.component.ts", "TypeScript", 0, 44, 0, 0, 0, 0, 0, 0, 0, 0, 0, 0, 0, 0, 0, 7, 51
"/Users/maciejfratczak/sps/frontend/src/app/admin-dashboard/drivers/module.ts", "TypeScript", 0, 24, 0, 0, 0, 0, 0, 0, 0, 0, 0, 0, 0, 0, 0, 2, 26
"/Users/maciejfratczak/sps/frontend/src/app/admin-dashboard/drivers/routing.ts", "TypeScript", 0, 34, 0, 0, 0, 0, 0, 0, 0, 0, 0, 0, 0, 0, 0, 2, 36
"/Users/maciejfratczak/sps/frontend/src/app/admin-dashboard/drivers/state/drivers.query.ts", "TypeScript", 0, 42, 0, 0, 0, 0, 0, 0, 0, 0, 0, 0, 0, 0, 0, 6, 48
"/Users/maciejfratczak/sps/frontend/src/app/admin-dashboard/drivers/state/drivers.service.spec.ts", "TypeScript", 0, 113, 0, 0, 0, 0, 0, 0, 0, 0, 0, 0, 0, 0, 0, 18, 131
"/Users/maciejfratczak/sps/frontend/src/app/admin-dashboard/drivers/state/drivers.service.ts", "TypeScript", 0, 68, 0, 0, 0, 0, 0, 0, 0, 0, 0, 0, 0, 0, 0, 8, 76
"/Users/maciejfratczak/sps/frontend/src/app/admin-dashboard/drivers/state/drivers.store.ts", "TypeScript", 0, 14, 0, 0, 0, 0, 0, 0, 0, 0, 0, 0, 0, 0, 0, 2, 16
"/Users/maciejfratczak/sps/frontend/src/app/admin-dashboard/module.ts", "TypeScript", 0, 19, 0, 0, 0, 0, 0, 0, 0, 0, 0, 0, 0, 0, 0, 3, 22
"/Users/maciejfratczak/sps/frontend/src/app/admin-dashboard/panel/panel.component.html", "HTML", 0, 0, 0, 0, 0, 0, 0, 0, 0, 0, 0, 0, 0, 30, 0, 2, 32
"/Users/maciejfratczak/sps/frontend/src/app/admin-dashboard/panel/panel.component.scss", "SCSS", 0, 0, 0, 0, 0, 0, 0, 0, 0, 0, 0, 13, 0, 0, 0, 1, 14
"/Users/maciejfratczak/sps/frontend/src/app/admin-dashboard/panel/panel.component.ts", "TypeScript", 0, 12, 0, 0, 0, 0, 0, 0, 0, 0, 0, 0, 0, 0, 0, 3, 15
"/Users/maciejfratczak/sps/frontend/src/app/admin-dashboard/parking/change-capacity-dialog/change-capacity-dialog.component.html", "HTML", 0, 0, 0, 0, 0, 0, 0, 0, 0, 0, 0, 0, 0, 26, 0, 1, 27
"/Users/maciejfratczak/sps/frontend/src/app/admin-dashboard/parking/change-capacity-dialog/change-capacity-dialog.component.scss", "SCSS", 0, 0, 0, 0, 0, 0, 0, 0, 0, 0, 0, 0, 0, 0, 0, 1, 1
"/Users/maciejfratczak/sps/frontend/src/app/admin-dashboard/parking/change-capacity-dialog/change-capacity-dialog.component.spec.ts", "TypeScript", 0, 72, 0, 0, 0, 0, 0, 0, 0, 0, 0, 0, 0, 0, 0, 12, 84
"/Users/maciejfratczak/sps/frontend/src/app/admin-dashboard/parking/change-capacity-dialog/change-capacity-dialog.component.ts", "TypeScript", 0, 24, 0, 0, 0, 0, 0, 0, 0, 0, 0, 0, 0, 0, 0, 5, 29
"/Users/maciejfratczak/sps/frontend/src/app/admin-dashboard/parking/change-hours-dialog/change-hours-dialog.component.html", "HTML", 0, 0, 0, 0, 0, 0, 0, 0, 0, 0, 0, 0, 0, 24, 0, 1, 25
"/Users/maciejfratczak/sps/frontend/src/app/admin-dashboard/parking/change-hours-dialog/change-hours-dialog.component.scss", "SCSS", 0, 0, 0, 0, 0, 0, 0, 0, 0, 0, 0, 8, 0, 0, 0, 1, 9
"/Users/maciejfratczak/sps/frontend/src/app/admin-dashboard/parking/change-hours-dialog/change-hours-dialog.component.spec.ts", "TypeScript", 0, 78, 0, 0, 0, 0, 0, 0, 0, 0, 0, 0, 0, 0, 0, 11, 89
"/Users/maciejfratczak/sps/frontend/src/app/admin-dashboard/parking/change-hours-dialog/change-hours-dialog.component.ts", "TypeScript", 0, 43, 0, 0, 0, 0, 0, 0, 0, 0, 0, 0, 0, 0, 0, 7, 50
"/Users/maciejfratczak/sps/frontend/src/app/admin-dashboard/parking/create/create.component.html", "HTML", 0, 0, 0, 0, 0, 0, 0, 0, 0, 0, 0, 0, 0, 78, 0, 1, 79
"/Users/maciejfratczak/sps/frontend/src/app/admin-dashboard/parking/create/create.component.scss", "SCSS", 0, 0, 0, 0, 0, 0, 0, 0, 0, 0, 0, 16, 0, 0, 0, 4, 20
"/Users/maciejfratczak/sps/frontend/src/app/admin-dashboard/parking/create/create.component.ts", "TypeScript", 0, 64, 0, 0, 0, 0, 0, 0, 0, 0, 0, 0, 0, 0, 0, 7, 71
"/Users/maciejfratczak/sps/frontend/src/app/admin-dashboard/parking/details/details.component.html", "HTML", 0, 0, 0, 0, 0, 0, 0, 0, 0, 0, 0, 0, 0, 38, 0, 2, 40
"/Users/maciejfratczak/sps/frontend/src/app/admin-dashboard/parking/details/details.component.scss", "SCSS", 0, 0, 0, 0, 0, 0, 0, 0, 0, 0, 0, 41, 0, 0, 0, 13, 54
"/Users/maciejfratczak/sps/frontend/src/app/admin-dashboard/parking/details/details.component.spec.ts", "TypeScript", 0, 121, 0, 0, 0, 0, 0, 0, 0, 0, 0, 0, 0, 0, 0, 21, 142
"/Users/maciejfratczak/sps/frontend/src/app/admin-dashboard/parking/details/details.component.ts", "TypeScript", 0, 57, 0, 0, 0, 0, 0, 0, 0, 0, 0, 0, 0, 0, 0, 7, 64
"/Users/maciejfratczak/sps/frontend/src/app/admin-dashboard/parking/list/list.component.html", "HTML", 0, 0, 0, 0, 0, 0, 0, 0, 0, 0, 0, 0, 0, 18, 0, 2, 20
"/Users/maciejfratczak/sps/frontend/src/app/admin-dashboard/parking/list/list.component.scss", "SCSS", 0, 0, 0, 0, 0, 0, 0, 0, 0, 0, 0, 0, 0, 0, 0, 4, 4
"/Users/maciejfratczak/sps/frontend/src/app/admin-dashboard/parking/list/list.component.ts", "TypeScript", 0, 32, 0, 0, 0, 0, 0, 0, 0, 0, 0, 0, 0, 0, 0, 5, 37
"/Users/maciejfratczak/sps/frontend/src/app/admin-dashboard/parking/module.ts", "TypeScript", 0, 26, 0, 0, 0, 0, 0, 0, 0, 0, 0, 0, 0, 0, 0, 3, 29
"/Users/maciejfratczak/sps/frontend/src/app/admin-dashboard/parking/routing.ts", "TypeScript", 0, 52, 0, 0, 0, 0, 0, 0, 0, 0, 0, 0, 0, 0, 0, 3, 55
"/Users/maciejfratczak/sps/frontend/src/app/admin-dashboard/parking/state/parking-lot.query.ts", "TypeScript", 0, 16, 0, 0, 0, 0, 0, 0, 0, 0, 0, 0, 0, 0, 0, 4, 20
"/Users/maciejfratczak/sps/frontend/src/app/admin-dashboard/parking/state/parking-lot.service.spec.ts", "TypeScript", 0, 122, 0, 0, 0, 0, 0, 0, 0, 0, 0, 0, 0, 0, 0, 11, 133
"/Users/maciejfratczak/sps/frontend/src/app/admin-dashboard/parking/state/parking-lot.service.ts", "TypeScript", 0, 67, 0, 0, 0, 0, 0, 0, 0, 0, 0, 0, 0, 0, 0, 9, 76
"/Users/maciejfratczak/sps/frontend/src/app/admin-dashboard/parking/state/parking-lot.store.ts", "TypeScript", 0, 11, 0, 0, 0, 0, 0, 0, 0, 0, 0, 0, 0, 0, 0, 2, 13
"/Users/maciejfratczak/sps/frontend/src/app/admin-dashboard/reservations/list/reservations-list.component.html", "HTML", 0, 0, 0, 0, 0, 0, 0, 0, 0, 0, 0, 0, 0, 0, 0, 1, 1
"/Users/maciejfratczak/sps/frontend/src/app/admin-dashboard/reservations/list/reservations-list.component.scss", "SCSS", 0, 0, 0, 0, 0, 0, 0, 0, 0, 0, 0, 0, 0, 0, 0, 1, 1
"/Users/maciejfratczak/sps/frontend/src/app/admin-dashboard/reservations/list/reservations-list.component.ts", "TypeScript", 0, 7, 0, 0, 0, 0, 0, 0, 0, 0, 0, 0, 0, 0, 0, 2, 9
"/Users/maciejfratczak/sps/frontend/src/app/admin-dashboard/reservations/module.ts", "TypeScript", 0, 8, 0, 0, 0, 0, 0, 0, 0, 0, 0, 0, 0, 0, 0, 2, 10
"/Users/maciejfratczak/sps/frontend/src/app/admin-dashboard/reservations/routing.ts", "TypeScript", 0, 22, 0, 0, 0, 0, 0, 0, 0, 0, 0, 0, 0, 0, 0, 3, 25
"/Users/maciejfratczak/sps/frontend/src/app/admin-dashboard/routing.ts", "TypeScript", 0, 60, 0, 0, 0, 0, 0, 0, 0, 0, 0, 0, 0, 0, 0, 4, 64
"/Users/maciejfratczak/sps/frontend/src/app/admin-dashboard/users/edit-role-dialog/edit-role-dialog.component.html", "HTML", 0, 0, 0, 0, 0, 0, 0, 0, 0, 0, 0, 0, 0, 28, 0, 1, 29
"/Users/maciejfratczak/sps/frontend/src/app/admin-dashboard/users/edit-role-dialog/edit-role-dialog.component.scss", "SCSS", 0, 0, 0, 0, 0, 0, 0, 0, 0, 0, 0, 0, 0, 0, 0, 1, 1
"/Users/maciejfratczak/sps/frontend/src/app/admin-dashboard/users/edit-role-dialog/edit-role-dialog.component.ts", "TypeScript", 0, 30, 0, 0, 0, 0, 0, 0, 0, 0, 0, 0, 0, 0, 0, 7, 37
"/Users/maciejfratczak/sps/frontend/src/app/admin-dashboard/users/list/list.component.html", "HTML", 0, 0, 0, 0, 0, 0, 0, 0, 0, 0, 0, 0, 0, 10, 0, 1, 11
"/Users/maciejfratczak/sps/frontend/src/app/admin-dashboard/users/list/list.component.scss", "SCSS", 0, 0, 0, 0, 0, 0, 0, 0, 0, 0, 0, 1, 0, 0, 0, 2, 3
"/Users/maciejfratczak/sps/frontend/src/app/admin-dashboard/users/list/list.component.spec.ts", "TypeScript", 0, 83, 0, 0, 0, 0, 0, 0, 0, 0, 0, 0, 0, 0, 0, 8, 91
"/Users/maciejfratczak/sps/frontend/src/app/admin-dashboard/users/list/list.component.ts", "TypeScript", 0, 57, 0, 0, 0, 0, 0, 0, 0, 0, 0, 0, 0, 0, 0, 6, 63
"/Users/maciejfratczak/sps/frontend/src/app/admin-dashboard/users/module.ts", "TypeScript", 0, 17, 0, 0, 0, 0, 0, 0, 0, 0, 0, 0, 0, 0, 0, 2, 19
"/Users/maciejfratczak/sps/frontend/src/app/admin-dashboard/users/routing.ts", "TypeScript", 0, 22, 0, 0, 0, 0, 0, 0, 0, 0, 0, 0, 0, 0, 0, 4, 26
"/Users/maciejfratczak/sps/frontend/src/app/admin-dashboard/users/state/user.api.spec.ts", "TypeScript", 0, 44, 0, 0, 0, 0, 0, 0, 0, 0, 0, 0, 0, 0, 0, 9, 53
"/Users/maciejfratczak/sps/frontend/src/app/admin-dashboard/users/state/user.api.ts", "TypeScript", 0, 24, 0, 0, 0, 0, 0, 0, 0, 0, 0, 0, 0, 0, 0, 5, 29
"/Users/maciejfratczak/sps/frontend/src/app/admin-dashboard/users/state/user.model.ts", "TypeScript", 0, 24, 0, 0, 0, 0, 0, 0, 0, 0, 0, 0, 0, 0, 0, 4, 28
"/Users/maciejfratczak/sps/frontend/src/app/admin-dashboard/users/state/user.query.ts", "TypeScript", 0, 22, 0, 0, 0, 0, 0, 0, 0, 0, 0, 0, 0, 0, 0, 3, 25
"/Users/maciejfratczak/sps/frontend/src/app/admin-dashboard/users/state/user.service.spec.ts", "TypeScript", 0, 62, 0, 0, 0, 0, 0, 0, 0, 0, 0, 0, 0, 0, 0, 4, 66
"/Users/maciejfratczak/sps/frontend/src/app/admin-dashboard/users/state/user.service.ts", "TypeScript", 0, 42, 0, 0, 0, 0, 0, 0, 0, 0, 0, 0, 0, 0, 0, 4, 46
"/Users/maciejfratczak/sps/frontend/src/app/admin-dashboard/users/state/user.store.ts", "TypeScript", 0, 15, 0, 0, 0, 0, 0, 0, 0, 0, 0, 0, 0, 0, 0, 2, 17
"/Users/maciejfratczak/sps/frontend/src/app/app.component.ts", "TypeScript", 0, 6, 0, 0, 0, 0, 0, 0, 0, 0, 0, 0, 0, 0, 0, 2, 8
"/Users/maciejfratczak/sps/frontend/src/app/app.module.ts", "TypeScript", 0, 35, 0, 0, 0, 0, 0, 0, 0, 0, 0, 0, 0, 0, 0, 4, 39
"/Users/maciejfratczak/sps/frontend/src/app/app.routing.module.ts", "TypeScript", 0, 46, 0, 0, 0, 0, 0, 0, 0, 0, 0, 0, 0, 0, 0, 3, 49
"/Users/maciejfratczak/sps/frontend/src/app/auth/auth.component.html", "HTML", 0, 0, 0, 0, 0, 0, 0, 0, 0, 0, 0, 0, 0, 6, 0, 1, 7
"/Users/maciejfratczak/sps/frontend/src/app/auth/auth.component.scss", "SCSS", 0, 0, 0, 0, 0, 0, 0, 0, 0, 0, 0, 16, 0, 0, 0, 2, 18
"/Users/maciejfratczak/sps/frontend/src/app/auth/auth.component.spec.ts", "TypeScript", 0, 22, 0, 0, 0, 0, 0, 0, 0, 0, 0, 0, 0, 0, 0, 7, 29
"/Users/maciejfratczak/sps/frontend/src/app/auth/auth.component.ts", "TypeScript", 0, 7, 0, 0, 0, 0, 0, 0, 0, 0, 0, 0, 0, 0, 0, 2, 9
"/Users/maciejfratczak/sps/frontend/src/app/auth/auth.module.ts", "TypeScript", 0, 30, 0, 0, 0, 0, 0, 0, 0, 0, 0, 0, 0, 0, 0, 2, 32
"/Users/maciejfratczak/sps/frontend/src/app/auth/auth.routing.module.ts", "TypeScript", 0, 42, 0, 0, 0, 0, 0, 0, 0, 0, 0, 0, 0, 0, 0, 3, 45
"/Users/maciejfratczak/sps/frontend/src/app/auth/confirm-account/confirm-account.component.spec.ts", "TypeScript", 0, 62, 0, 0, 0, 0, 0, 0, 0, 0, 0, 0, 0, 0, 9, 10, 81
"/Users/maciejfratczak/sps/frontend/src/app/auth/confirm-account/confirm-account.component.ts", "TypeScript", 0, 43, 0, 0, 0, 0, 0, 0, 0, 0, 0, 0, 0, 0, 0, 4, 47
"/Users/maciejfratczak/sps/frontend/src/app/auth/resend-account-activation/resend-account-activation.component.html", "HTML", 0, 0, 0, 0, 0, 0, 0, 0, 0, 0, 0, 0, 0, 5, 0, 2, 7
"/Users/maciejfratczak/sps/frontend/src/app/auth/resend-account-activation/resend-account-activation.component.scss", "SCSS", 0, 0, 0, 0, 0, 0, 0, 0, 0, 0, 0, 6, 0, 0, 0, 1, 7
"/Users/maciejfratczak/sps/frontend/src/app/auth/resend-account-activation/resend-account-activation.component.spec.ts", "TypeScript", 0, 65, 0, 0, 0, 0, 0, 0, 0, 0, 0, 0, 0, 0, 0, 6, 71
"/Users/maciejfratczak/sps/frontend/src/app/auth/resend-account-activation/resend-account-activation.component.ts", "TypeScript", 0, 32, 0, 0, 0, 0, 0, 0, 0, 0, 0, 0, 0, 0, 0, 6, 38
"/Users/maciejfratczak/sps/frontend/src/app/auth/sign-in/email-sign-in-form/email-sign-in-form.component.html", "HTML", 0, 0, 0, 0, 0, 0, 0, 0, 0, 0, 0, 0, 0, 28, 0, 1, 29
"/Users/maciejfratczak/sps/frontend/src/app/auth/sign-in/email-sign-in-form/email-sign-in-form.component.scss", "SCSS", 0, 0, 0, 0, 0, 0, 0, 0, 0, 0, 0, 14, 0, 0, 0, 3, 17
"/Users/maciejfratczak/sps/frontend/src/app/auth/sign-in/email-sign-in-form/email-sign-in-form.component.spec.ts", "TypeScript", 0, 152, 0, 0, 0, 0, 0, 0, 0, 0, 0, 0, 0, 0, 0, 14, 166
"/Users/maciejfratczak/sps/frontend/src/app/auth/sign-in/email-sign-in-form/email-sign-in-form.component.ts", "TypeScript", 0, 44, 0, 0, 0, 0, 0, 0, 0, 0, 0, 0, 0, 0, 0, 9, 53
"/Users/maciejfratczak/sps/frontend/src/app/auth/sign-in/sign-in.component.html", "HTML", 0, 0, 0, 0, 0, 0, 0, 0, 0, 0, 0, 0, 0, 26, 0, 3, 29
"/Users/maciejfratczak/sps/frontend/src/app/auth/sign-in/sign-in.component.scss", "SCSS", 0, 0, 0, 0, 0, 0, 0, 0, 0, 0, 0, 12, 0, 0, 0, 1, 13
"/Users/maciejfratczak/sps/frontend/src/app/auth/sign-in/sign-in.component.spec.ts", "TypeScript", 0, 141, 0, 0, 0, 0, 0, 0, 0, 0, 0, 0, 0, 0, 0, 9, 150
"/Users/maciejfratczak/sps/frontend/src/app/auth/sign-in/sign-in.component.ts", "TypeScript", 0, 45, 0, 0, 0, 0, 0, 0, 0, 0, 0, 0, 0, 0, 0, 9, 54
"/Users/maciejfratczak/sps/frontend/src/app/auth/sign-up/sign-up.component.html", "HTML", 0, 0, 0, 0, 0, 0, 0, 0, 0, 0, 0, 0, 0, 49, 0, 1, 50
"/Users/maciejfratczak/sps/frontend/src/app/auth/sign-up/sign-up.component.scss", "SCSS", 0, 0, 0, 0, 0, 0, 0, 0, 0, 0, 0, 19, 0, 0, 0, 5, 24
"/Users/maciejfratczak/sps/frontend/src/app/auth/sign-up/sign-up.component.spec.ts", "TypeScript", 0, 188, 0, 0, 0, 0, 0, 0, 0, 0, 0, 0, 0, 0, 0, 18, 206
"/Users/maciejfratczak/sps/frontend/src/app/auth/sign-up/sign-up.component.ts", "TypeScript", 0, 44, 0, 0, 0, 0, 0, 0, 0, 0, 0, 0, 0, 0, 0, 5, 49
"/Users/maciejfratczak/sps/frontend/src/app/clerk-dashboard/dashboard/dashboard.component.html", "HTML", 0, 0, 0, 0, 0, 0, 0, 0, 0, 0, 0, 0, 0, 1, 0, 1, 2
"/Users/maciejfratczak/sps/frontend/src/app/clerk-dashboard/dashboard/dashboard.component.scss", "SCSS", 0, 0, 0, 0, 0, 0, 0, 0, 0, 0, 0, 0, 0, 0, 0, 1, 1
"/Users/maciejfratczak/sps/frontend/src/app/clerk-dashboard/dashboard/dashboard.component.spec.ts", "TypeScript", 0, 18, 0, 0, 0, 0, 0, 0, 0, 0, 0, 0, 0, 0, 0, 6, 24
"/Users/maciejfratczak/sps/frontend/src/app/clerk-dashboard/dashboard/dashboard.component.ts", "TypeScript", 0, 11, 0, 0, 0, 0, 0, 0, 0, 0, 0, 0, 0, 0, 0, 5, 16
"/Users/maciejfratczak/sps/frontend/src/app/clerk-dashboard/module.ts", "TypeScript", 0, 18, 0, 0, 0, 0, 0, 0, 0, 0, 0, 0, 0, 0, 0, 2, 20
"/Users/maciejfratczak/sps/frontend/src/app/clerk-dashboard/routing.ts", "TypeScript", 0, 13, 0, 0, 0, 0, 0, 0, 0, 0, 0, 0, 0, 0, 0, 2, 15
"/Users/maciejfratczak/sps/frontend/src/app/core/api/auth.api.spec.ts", "TypeScript", 0, 129, 0, 0, 0, 0, 0, 0, 0, 0, 0, 0, 0, 0, 0, 33, 162
"/Users/maciejfratczak/sps/frontend/src/app/core/api/auth.api.ts", "TypeScript", 0, 77, 0, 0, 0, 0, 0, 0, 0, 0, 0, 0, 0, 0, 0, 11, 88
"/Users/maciejfratczak/sps/frontend/src/app/core/api/base.api.ts", "TypeScript", 0, 36, 0, 0, 0, 0, 0, 0, 0, 0, 0, 0, 0, 0, 0, 6, 42
"/Users/maciejfratczak/sps/frontend/src/app/core/api/drivers.api.spec.ts", "TypeScript", 0, 64, 0, 0, 0, 0, 0, 0, 0, 0, 0, 0, 0, 0, 4, 7, 75
"/Users/maciejfratczak/sps/frontend/src/app/core/api/drivers.api.ts", "TypeScript", 0, 60, 0, 0, 0, 0, 0, 0, 0, 0, 0, 0, 0, 0, 0, 10, 70
"/Users/maciejfratczak/sps/frontend/src/app/core/api/parking-lot.api.spec.ts", "TypeScript", 0, 94, 0, 0, 0, 0, 0, 0, 0, 0, 0, 0, 0, 0, 0, 19, 113
"/Users/maciejfratczak/sps/frontend/src/app/core/api/parking-lot.api.ts", "TypeScript", 0, 48, 0, 0, 0, 0, 0, 0, 0, 0, 0, 0, 0, 0, 0, 9, 57
"/Users/maciejfratczak/sps/frontend/src/app/core/api/reservation.api.ts", "TypeScript", 0, 53, 0, 0, 0, 0, 0, 0, 0, 0, 0, 0, 0, 0, 0, 9, 62
"/Users/maciejfratczak/sps/frontend/src/app/core/core.module.ts", "TypeScript", 0, 33, 0, 0, 0, 0, 0, 0, 0, 0, 0, 0, 0, 0, 0, 3, 36
"/Users/maciejfratczak/sps/frontend/src/app/core/guards/auth.guard.spec.ts", "TypeScript", 0, 66, 0, 0, 0, 0, 0, 0, 0, 0, 0, 0, 0, 0, 0, 7, 73
"/Users/maciejfratczak/sps/frontend/src/app/core/guards/auth.guard.ts", "TypeScript", 0, 53, 0, 0, 0, 0, 0, 0, 0, 0, 0, 0, 0, 0, 0, 4, 57
"/Users/maciejfratczak/sps/frontend/src/app/core/guards/role.guard.ts", "TypeScript", 0, 53, 0, 0, 0, 0, 0, 0, 0, 0, 0, 0, 0, 0, 0, 9, 62
"/Users/maciejfratczak/sps/frontend/src/app/core/interceptor/auth-token.interceptor.ts", "TypeScript", 0, 54, 0, 0, 0, 0, 0, 0, 0, 0, 0, 0, 0, 0, 0, 5, 59
"/Users/maciejfratczak/sps/frontend/src/app/core/model/auth.model.ts", "TypeScript", 0, 3, 0, 0, 0, 0, 0, 0, 0, 0, 0, 0, 0, 0, 0, 1, 4
"/Users/maciejfratczak/sps/frontend/src/app/core/model/common.model.ts", "TypeScript", 0, 29, 0, 0, 0, 0, 0, 0, 0, 0, 0, 0, 0, 0, 0, 3, 32
"/Users/maciejfratczak/sps/frontend/src/app/core/model/driver.model.ts", "TypeScript", 0, 25, 0, 0, 0, 0, 0, 0, 0, 0, 0, 0, 0, 0, 0, 2, 27
"/Users/maciejfratczak/sps/frontend/src/app/core/model/error.model.ts", "TypeScript", 0, 9, 0, 0, 0, 0, 0, 0, 0, 0, 0, 0, 0, 0, 0, 2, 11
"/Users/maciejfratczak/sps/frontend/src/app/core/model/parking-lot.model.ts", "TypeScript", 0, 45, 0, 0, 0, 0, 0, 0, 0, 0, 0, 0, 0, 0, 0, 8, 53
"/Users/maciejfratczak/sps/frontend/src/app/core/model/reservation.model.ts", "TypeScript", 0, 70, 0, 0, 0, 0, 0, 0, 0, 0, 0, 0, 0, 0, 0, 9, 79
"/Users/maciejfratczak/sps/frontend/src/app/core/service/google.auth.service.ts", "TypeScript", 0, 150, 0, 0, 0, 0, 0, 0, 0, 0, 0, 0, 0, 0, 1, 24, 175
"/Users/maciejfratczak/sps/frontend/src/app/core/service/toast.service.ts", "TypeScript", 0, 5, 0, 0, 0, 0, 0, 0, 0, 0, 0, 0, 0, 0, 0, 2, 7
"/Users/maciejfratczak/sps/frontend/src/app/core/state/auth/auth.model.ts", "TypeScript", 0, 32, 0, 0, 0, 0, 0, 0, 0, 0, 0, 0, 0, 0, 0, 3, 35
"/Users/maciejfratczak/sps/frontend/src/app/core/state/auth/auth.query.ts", "TypeScript", 0, 24, 0, 0, 0, 0, 0, 0, 0, 0, 0, 0, 0, 0, 0, 6, 30
"/Users/maciejfratczak/sps/frontend/src/app/core/state/auth/auth.service.spec.ts", "TypeScript", 0, 200, 0, 0, 0, 0, 0, 0, 0, 0, 0, 0, 0, 0, 3, 13, 216
"/Users/maciejfratczak/sps/frontend/src/app/core/state/auth/auth.service.ts", "TypeScript", 0, 117, 0, 0, 0, 0, 0, 0, 0, 0, 0, 0, 0, 0, 0, 18, 135
"/Users/maciejfratczak/sps/frontend/src/app/core/state/auth/auth.store.ts", "TypeScript", 0, 11, 0, 0, 0, 0, 0, 0, 0, 0, 0, 0, 0, 0, 0, 3, 14
"/Users/maciejfratczak/sps/frontend/src/app/core/state/router/router.model.ts", "TypeScript", 0, 29, 0, 0, 0, 0, 0, 0, 0, 0, 0, 0, 0, 0, 0, 2, 31
"/Users/maciejfratczak/sps/frontend/src/app/core/state/router/router.query.ts", "TypeScript", 0, 65, 0, 0, 0, 0, 0, 0, 0, 0, 0, 0, 0, 0, 0, 14, 79
"/Users/maciejfratczak/sps/frontend/src/app/core/state/router/router.service.ts", "TypeScript", 0, 143, 0, 0, 0, 0, 0, 0, 0, 0, 0, 0, 0, 0, 2, 28, 173
"/Users/maciejfratczak/sps/frontend/src/app/core/translation-keys.ts", "TypeScript", 0, 212, 0, 0, 0, 0, 0, 0, 0, 0, 0, 0, 0, 0, 0, 1, 213
"/Users/maciejfratczak/sps/frontend/src/app/driver-dashboard/component.html", "HTML", 0, 0, 0, 0, 0, 0, 0, 0, 0, 0, 0, 0, 0, 9, 0, 2, 11
"/Users/maciejfratczak/sps/frontend/src/app/driver-dashboard/component.scss", "SCSS", 0, 0, 0, 0, 0, 0, 0, 0, 0, 0, 0, 25, 0, 0, 0, 6, 31
"/Users/maciejfratczak/sps/frontend/src/app/driver-dashboard/component.ts", "TypeScript", 0, 37, 0, 0, 0, 0, 0, 0, 0, 0, 0, 0, 0, 0, 0, 4, 41
"/Users/maciejfratczak/sps/frontend/src/app/driver-dashboard/module.ts", "TypeScript", 0, 21, 0, 0, 0, 0, 0, 0, 0, 0, 0, 0, 0, 0, 0, 2, 23
"/Users/maciejfratczak/sps/frontend/src/app/driver-dashboard/parking-lots/list/list.component.html", "HTML", 0, 0, 0, 0, 0, 0, 0, 0, 0, 0, 0, 0, 0, 28, 0, 2, 30
"/Users/maciejfratczak/sps/frontend/src/app/driver-dashboard/parking-lots/list/list.component.scss", "SCSS", 0, 0, 0, 0, 0, 0, 0, 0, 0, 0, 0, 4, 0, 0, 0, 1, 5
"/Users/maciejfratczak/sps/frontend/src/app/driver-dashboard/parking-lots/list/list.component.ts", "TypeScript", 0, 13, 0, 0, 0, 0, 0, 0, 0, 0, 0, 0, 0, 0, 0, 3, 16
"/Users/maciejfratczak/sps/frontend/src/app/driver-dashboard/parking-lots/module.ts", "TypeScript", 0, 10, 0, 0, 0, 0, 0, 0, 0, 0, 0, 0, 0, 0, 0, 3, 13
"/Users/maciejfratczak/sps/frontend/src/app/driver-dashboard/parking-lots/routing.ts", "TypeScript", 0, 24, 0, 0, 0, 0, 0, 0, 0, 0, 0, 0, 0, 0, 0, 2, 26
"/Users/maciejfratczak/sps/frontend/src/app/driver-dashboard/reservations/create/create.component.html", "HTML", 0, 0, 0, 0, 0, 0, 0, 0, 0, 0, 0, 0, 0, 81, 0, 1, 82
"/Users/maciejfratczak/sps/frontend/src/app/driver-dashboard/reservations/create/create.component.scss", "SCSS", 0, 0, 0, 0, 0, 0, 0, 0, 0, 0, 0, 17, 0, 0, 0, 6, 23
"/Users/maciejfratczak/sps/frontend/src/app/driver-dashboard/reservations/create/create.component.ts", "TypeScript", 0, 91, 0, 0, 0, 0, 0, 0, 0, 0, 0, 0, 0, 0, 0, 16, 107
"/Users/maciejfratczak/sps/frontend/src/app/driver-dashboard/reservations/details/details.component.html", "HTML", 0, 0, 0, 0, 0, 0, 0, 0, 0, 0, 0, 0, 0, 54, 0, 1, 55
"/Users/maciejfratczak/sps/frontend/src/app/driver-dashboard/reservations/details/details.component.scss", "SCSS", 0, 0, 0, 0, 0, 0, 0, 0, 0, 0, 0, 28, 0, 0, 0, 14, 42
"/Users/maciejfratczak/sps/frontend/src/app/driver-dashboard/reservations/details/details.component.spec.ts", "TypeScript", 0, 17, 0, 0, 0, 0, 0, 0, 0, 0, 0, 0, 0, 0, 0, 6, 23
"/Users/maciejfratczak/sps/frontend/src/app/driver-dashboard/reservations/details/details.component.ts", "TypeScript", 0, 37, 0, 0, 0, 0, 0, 0, 0, 0, 0, 0, 0, 0, 0, 5, 42
"/Users/maciejfratczak/sps/frontend/src/app/driver-dashboard/reservations/edit-time-dialog/edit-time-dialog.component.html", "HTML", 0, 0, 0, 0, 0, 0, 0, 0, 0, 0, 0, 0, 0, 1, 0, 1, 2
"/Users/maciejfratczak/sps/frontend/src/app/driver-dashboard/reservations/edit-time-dialog/edit-time-dialog.component.scss", "SCSS", 0, 0, 0, 0, 0, 0, 0, 0, 0, 0, 0, 0, 0, 0, 0, 1, 1
"/Users/maciejfratczak/sps/frontend/src/app/driver-dashboard/reservations/edit-time-dialog/edit-time-dialog.component.spec.ts", "TypeScript", 0, 18, 0, 0, 0, 0, 0, 0, 0, 0, 0, 0, 0, 0, 0, 6, 24
"/Users/maciejfratczak/sps/frontend/src/app/driver-dashboard/reservations/edit-time-dialog/edit-time-dialog.component.ts", "TypeScript", 0, 11, 0, 0, 0, 0, 0, 0, 0, 0, 0, 0, 0, 0, 0, 5, 16
"/Users/maciejfratczak/sps/frontend/src/app/driver-dashboard/reservations/list/list.component.html", "HTML", 0, 0, 0, 0, 0, 0, 0, 0, 0, 0, 0, 0, 0, 63, 0, 2, 65
"/Users/maciejfratczak/sps/frontend/src/app/driver-dashboard/reservations/list/list.component.scss", "SCSS", 0, 0, 0, 0, 0, 0, 0, 0, 0, 0, 0, 11, 0, 0, 0, 4, 15
"/Users/maciejfratczak/sps/frontend/src/app/driver-dashboard/reservations/list/list.component.spec.ts", "TypeScript", 0, 17, 0, 0, 0, 0, 0, 0, 0, 0, 0, 0, 0, 0, 0, 6, 23
"/Users/maciejfratczak/sps/frontend/src/app/driver-dashboard/reservations/list/list.component.ts", "TypeScript", 0, 35, 0, 0, 0, 0, 0, 0, 0, 0, 0, 0, 0, 0, 0, 4, 39
"/Users/maciejfratczak/sps/frontend/src/app/driver-dashboard/reservations/module.ts", "TypeScript", 0, 24, 0, 0, 0, 0, 0, 0, 0, 0, 0, 0, 0, 0, 0, 2, 26
"/Users/maciejfratczak/sps/frontend/src/app/driver-dashboard/reservations/reservation.base.component.ts", "TypeScript", 0, 56, 0, 0, 0, 0, 0, 0, 0, 0, 0, 0, 0, 0, 0, 6, 62
"/Users/maciejfratczak/sps/frontend/src/app/driver-dashboard/reservations/routing.ts", "TypeScript", 0, 51, 0, 0, 0, 0, 0, 0, 0, 0, 0, 0, 0, 0, 0, 2, 53
"/Users/maciejfratczak/sps/frontend/src/app/driver-dashboard/routing.ts", "TypeScript", 0, 47, 0, 0, 0, 0, 0, 0, 0, 0, 0, 0, 0, 0, 0, 2, 49
"/Users/maciejfratczak/sps/frontend/src/app/driver-dashboard/state/driver/driver.query.ts", "TypeScript", 0, 28, 0, 0, 0, 0, 0, 0, 0, 0, 0, 0, 0, 0, 0, 4, 32
"/Users/maciejfratczak/sps/frontend/src/app/driver-dashboard/state/driver/driver.service.ts", "TypeScript", 0, 89, 0, 0, 0, 0, 0, 0, 0, 0, 0, 0, 0, 0, 1, 6, 96
"/Users/maciejfratczak/sps/frontend/src/app/driver-dashboard/state/driver/driver.store.ts", "TypeScript", 0, 35, 0, 0, 0, 0, 0, 0, 0, 0, 0, 0, 0, 0, 0, 2, 37
"/Users/maciejfratczak/sps/frontend/src/app/driver-dashboard/state/parking-lot/parking-lot.query.ts", "TypeScript", 0, 11, 0, 0, 0, 0, 0, 0, 0, 0, 0, 0, 0, 0, 0, 1, 12
"/Users/maciejfratczak/sps/frontend/src/app/driver-dashboard/state/parking-lot/parking-lot.service.ts", "TypeScript", 0, 19, 0, 0, 0, 0, 0, 0, 0, 0, 0, 0, 0, 0, 0, 3, 22
"/Users/maciejfratczak/sps/frontend/src/app/driver-dashboard/state/parking-lot/parking-lot.store.ts", "TypeScript", 0, 11, 0, 0, 0, 0, 0, 0, 0, 0, 0, 0, 0, 0, 0, 2, 13
"/Users/maciejfratczak/sps/frontend/src/app/driver-dashboard/state/reservation/reservations.query.ts", "TypeScript", 0, 38, 0, 0, 0, 0, 0, 0, 0, 0, 0, 0, 0, 0, 0, 5, 43
"/Users/maciejfratczak/sps/frontend/src/app/driver-dashboard/state/reservation/reservations.service.ts", "TypeScript", 0, 159, 0, 0, 0, 0, 0, 0, 0, 0, 0, 0, 0, 0, 0, 14, 173
"/Users/maciejfratczak/sps/frontend/src/app/driver-dashboard/state/reservation/reservations.store.ts", "TypeScript", 0, 24, 0, 0, 0, 0, 0, 0, 0, 0, 0, 0, 0, 0, 0, 2, 26
"/Users/maciejfratczak/sps/frontend/src/app/driver-dashboard/vehicles/add-vehicle-dialog/add-vehicle-dialog.component.html", "HTML", 0, 0, 0, 0, 0, 0, 0, 0, 0, 0, 0, 0, 0, 21, 0, 1, 22
"/Users/maciejfratczak/sps/frontend/src/app/driver-dashboard/vehicles/add-vehicle-dialog/add-vehicle-dialog.component.scss", "SCSS", 0, 0, 0, 0, 0, 0, 0, 0, 0, 0, 0, 0, 0, 0, 0, 1, 1
"/Users/maciejfratczak/sps/frontend/src/app/driver-dashboard/vehicles/add-vehicle-dialog/add-vehicle-dialog.component.ts", "TypeScript", 0, 38, 0, 0, 0, 0, 0, 0, 0, 0, 0, 0, 0, 0, 0, 7, 45
"/Users/maciejfratczak/sps/frontend/src/app/driver-dashboard/vehicles/module.ts", "TypeScript", 0, 17, 0, 0, 0, 0, 0, 0, 0, 0, 0, 0, 0, 0, 0, 2, 19
"/Users/maciejfratczak/sps/frontend/src/app/driver-dashboard/vehicles/routing.ts", "TypeScript", 0, 24, 0, 0, 0, 0, 0, 0, 0, 0, 0, 0, 0, 0, 0, 2, 26
"/Users/maciejfratczak/sps/frontend/src/app/driver-dashboard/vehicles/vehicles.component.html", "HTML", 0, 0, 0, 0, 0, 0, 0, 0, 0, 0, 0, 0, 0, 17, 0, 1, 18
"/Users/maciejfratczak/sps/frontend/src/app/driver-dashboard/vehicles/vehicles.component.scss", "SCSS", 0, 0, 0, 0, 0, 0, 0, 0, 0, 0, 0, 13, 0, 0, 0, 1, 14
"/Users/maciejfratczak/sps/frontend/src/app/driver-dashboard/vehicles/vehicles.component.ts", "TypeScript", 0, 35, 0, 0, 0, 0, 0, 0, 0, 0, 0, 0, 0, 0, 0, 4, 39
"/Users/maciejfratczak/sps/frontend/src/app/error/error.component.html", "HTML", 0, 0, 0, 0, 0, 0, 0, 0, 0, 0, 0, 0, 0, 11, 0, 1, 12
"/Users/maciejfratczak/sps/frontend/src/app/error/error.component.scss", "SCSS", 0, 0, 0, 0, 0, 0, 0, 0, 0, 0, 0, 13, 0, 0, 0, 1, 14
"/Users/maciejfratczak/sps/frontend/src/app/error/error.component.spec.ts", "TypeScript", 0, 26, 0, 0, 0, 0, 0, 0, 0, 0, 0, 0, 0, 0, 0, 5, 31
"/Users/maciejfratczak/sps/frontend/src/app/error/error.component.ts", "TypeScript", 0, 12, 0, 0, 0, 0, 0, 0, 0, 0, 0, 0, 0, 0, 0, 3, 15
"/Users/maciejfratczak/sps/frontend/src/app/error/error.handler.service.spec.ts", "TypeScript", 0, 58, 0, 0, 0, 0, 0, 0, 0, 0, 0, 0, 0, 0, 0, 4, 62
"/Users/maciejfratczak/sps/frontend/src/app/error/error.handler.service.ts", "TypeScript", 0, 24, 0, 0, 0, 0, 0, 0, 0, 0, 0, 0, 0, 0, 0, 3, 27
"/Users/maciejfratczak/sps/frontend/src/app/error/error.module.ts", "TypeScript", 0, 19, 0, 0, 0, 0, 0, 0, 0, 0, 0, 0, 0, 0, 0, 2, 21
"/Users/maciejfratczak/sps/frontend/src/app/error/error.routing.module.ts", "TypeScript", 0, 37, 0, 0, 0, 0, 0, 0, 0, 0, 0, 0, 0, 0, 0, 3, 40
"/Users/maciejfratczak/sps/frontend/src/app/error/internal-server-error/internal-server-error.component.html", "HTML", 0, 0, 0, 0, 0, 0, 0, 0, 0, 0, 0, 0, 0, 2, 0, 1, 3
"/Users/maciejfratczak/sps/frontend/src/app/error/internal-server-error/internal-server-error.component.scss", "SCSS", 0, 0, 0, 0, 0, 0, 0, 0, 0, 0, 0, 0, 0, 0, 0, 1, 1
"/Users/maciejfratczak/sps/frontend/src/app/error/internal-server-error/internal-server-error.component.ts", "TypeScript", 0, 10, 0, 0, 0, 0, 0, 0, 0, 0, 0, 0, 0, 0, 0, 2, 12
"/Users/maciejfratczak/sps/frontend/src/app/error/not-found/not-found.component.html", "HTML", 0, 0, 0, 0, 0, 0, 0, 0, 0, 0, 0, 0, 0, 4, 0, 2, 6
"/Users/maciejfratczak/sps/frontend/src/app/error/not-found/not-found.component.scss", "SCSS", 0, 0, 0, 0, 0, 0, 0, 0, 0, 0, 0, 5, 0, 0, 0, 1, 6
"/Users/maciejfratczak/sps/frontend/src/app/error/not-found/not-found.component.ts", "TypeScript", 0, 10, 0, 0, 0, 0, 0, 0, 0, 0, 0, 0, 0, 0, 0, 2, 12
"/Users/maciejfratczak/sps/frontend/src/app/error/unauthorized/unauthorized.component.html", "HTML", 0, 0, 0, 0, 0, 0, 0, 0, 0, 0, 0, 0, 0, 4, 0, 1, 5
"/Users/maciejfratczak/sps/frontend/src/app/error/unauthorized/unauthorized.component.scss", "SCSS", 0, 0, 0, 0, 0, 0, 0, 0, 0, 0, 0, 0, 0, 0, 0, 1, 1
"/Users/maciejfratczak/sps/frontend/src/app/error/unauthorized/unauthorized.component.ts", "TypeScript", 0, 10, 0, 0, 0, 0, 0, 0, 0, 0, 0, 0, 0, 0, 0, 2, 12
"/Users/maciejfratczak/sps/frontend/src/app/routes.ts", "TypeScript", 0, 40, 0, 0, 0, 0, 0, 0, 0, 0, 0, 0, 0, 0, 0, 4, 44
"/Users/maciejfratczak/sps/frontend/src/app/shared/components/breadcrumbs/breadcrumbs.component.html", "HTML", 0, 0, 0, 0, 0, 0, 0, 0, 0, 0, 0, 0, 0, 11, 0, 1, 12
"/Users/maciejfratczak/sps/frontend/src/app/shared/components/breadcrumbs/breadcrumbs.component.scss", "SCSS", 0, 0, 0, 0, 0, 0, 0, 0, 0, 0, 0, 19, 0, 0, 0, 1, 20
"/Users/maciejfratczak/sps/frontend/src/app/shared/components/breadcrumbs/breadcrumbs.component.spec.ts", "TypeScript", 0, 18, 0, 0, 0, 0, 0, 0, 0, 0, 0, 0, 0, 0, 0, 6, 24
"/Users/maciejfratczak/sps/frontend/src/app/shared/components/breadcrumbs/breadcrumbs.component.ts", "TypeScript", 0, 36, 0, 0, 0, 0, 0, 0, 0, 0, 0, 0, 0, 0, 0, 4, 40
"/Users/maciejfratczak/sps/frontend/src/app/shared/components/card/card.component.html", "HTML", 0, 0, 0, 0, 0, 0, 0, 0, 0, 0, 0, 0, 0, 20, 0, 2, 22
"/Users/maciejfratczak/sps/frontend/src/app/shared/components/card/card.component.scss", "SCSS", 0, 0, 0, 0, 0, 0, 0, 0, 0, 0, 0, 18, 0, 0, 0, 5, 23
"/Users/maciejfratczak/sps/frontend/src/app/shared/components/card/card.component.ts", "TypeScript", 0, 19, 0, 0, 0, 0, 0, 0, 0, 0, 0, 0, 0, 0, 0, 6, 25
"/Users/maciejfratczak/sps/frontend/src/app/shared/components/chip/chip.component.html", "HTML", 0, 0, 0, 0, 0, 0, 0, 0, 0, 0, 0, 0, 0, 5, 0, 1, 6
"/Users/maciejfratczak/sps/frontend/src/app/shared/components/chip/chip.component.scss", "SCSS", 0, 0, 0, 0, 0, 0, 0, 0, 0, 0, 0, 12, 0, 0, 0, 3, 15
"/Users/maciejfratczak/sps/frontend/src/app/shared/components/chip/chip.component.ts", "TypeScript", 0, 11, 0, 0, 0, 0, 0, 0, 0, 0, 0, 0, 0, 0, 0, 5, 16
"/Users/maciejfratczak/sps/frontend/src/app/shared/components/confirm-action-dialog/confirm-action-dialog.component.html", "HTML", 0, 0, 0, 0, 0, 0, 0, 0, 0, 0, 0, 0, 0, 18, 0, 1, 19
"/Users/maciejfratczak/sps/frontend/src/app/shared/components/confirm-action-dialog/confirm-action-dialog.component.scss", "SCSS", 0, 0, 0, 0, 0, 0, 0, 0, 0, 0, 0, 0, 0, 0, 0, 1, 1
"/Users/maciejfratczak/sps/frontend/src/app/shared/components/confirm-action-dialog/confirm-action-dialog.component.spec.ts", "TypeScript", 0, 18, 0, 0, 0, 0, 0, 0, 0, 0, 0, 0, 0, 0, 0, 6, 24
"/Users/maciejfratczak/sps/frontend/src/app/shared/components/confirm-action-dialog/confirm-action-dialog.component.ts", "TypeScript", 0, 25, 0, 0, 0, 0, 0, 0, 0, 0, 0, 0, 0, 0, 0, 4, 29
"/Users/maciejfratczak/sps/frontend/src/app/shared/components/drawer/drawer.component.html", "HTML", 0, 0, 0, 0, 0, 0, 0, 0, 0, 0, 0, 0, 0, 12, 0, 1, 13
"/Users/maciejfratczak/sps/frontend/src/app/shared/components/drawer/drawer.component.scss", "SCSS", 0, 0, 0, 0, 0, 0, 0, 0, 0, 0, 0, 24, 0, 0, 0, 8, 32
"/Users/maciejfratczak/sps/frontend/src/app/shared/components/drawer/drawer.component.spec.ts", "TypeScript", 0, 18, 0, 0, 0, 0, 0, 0, 0, 0, 0, 0, 0, 0, 0, 6, 24
"/Users/maciejfratczak/sps/frontend/src/app/shared/components/drawer/drawer.component.ts", "TypeScript", 0, 36, 0, 0, 0, 0, 0, 0, 0, 0, 0, 0, 0, 0, 0, 6, 42
"/Users/maciejfratczak/sps/frontend/src/app/shared/components/form-error/form-error.component.html", "HTML", 0, 0, 0, 0, 0, 0, 0, 0, 0, 0, 0, 0, 0, 3, 0, 1, 4
"/Users/maciejfratczak/sps/frontend/src/app/shared/components/form-error/form-error.component.scss", "SCSS", 0, 0, 0, 0, 0, 0, 0, 0, 0, 0, 0, 0, 0, 0, 0, 1, 1
"/Users/maciejfratczak/sps/frontend/src/app/shared/components/form-error/form-error.component.ts", "TypeScript", 0, 20, 0, 0, 0, 0, 0, 0, 0, 0, 0, 0, 0, 0, 0, 4, 24
"/Users/maciejfratczak/sps/frontend/src/app/shared/components/heading/heading.component.html", "HTML", 0, 0, 0, 0, 0, 0, 0, 0, 0, 0, 0, 0, 0, 3, 0, 1, 4
"/Users/maciejfratczak/sps/frontend/src/app/shared/components/heading/heading.component.scss", "SCSS", 0, 0, 0, 0, 0, 0, 0, 0, 0, 0, 0, 19, 0, 0, 0, 5, 24
"/Users/maciejfratczak/sps/frontend/src/app/shared/components/heading/heading.component.spec.ts", "TypeScript", 0, 17, 0, 0, 0, 0, 0, 0, 0, 0, 0, 0, 0, 0, 0, 6, 23
"/Users/maciejfratczak/sps/frontend/src/app/shared/components/heading/heading.component.ts", "TypeScript", 0, 16, 0, 0, 0, 0, 0, 0, 0, 0, 0, 0, 0, 0, 0, 4, 20
"/Users/maciejfratczak/sps/frontend/src/app/shared/components/hours-form/hours-form.component.html", "HTML", 0, 0, 0, 0, 0, 0, 0, 0, 0, 0, 0, 0, 0, 19, 0, 1, 20
"/Users/maciejfratczak/sps/frontend/src/app/shared/components/hours-form/hours-form.component.scss", "SCSS", 0, 0, 0, 0, 0, 0, 0, 0, 0, 0, 0, 3, 0, 0, 0, 1, 4
"/Users/maciejfratczak/sps/frontend/src/app/shared/components/hours-form/hours-form.component.spec.ts", "TypeScript", 0, 88, 0, 0, 0, 0, 0, 0, 0, 0, 0, 0, 0, 0, 0, 13, 101
"/Users/maciejfratczak/sps/frontend/src/app/shared/components/hours-form/hours-form.component.ts", "TypeScript", 0, 112, 0, 0, 0, 0, 0, 0, 0, 0, 0, 0, 0, 0, 0, 22, 134
"/Users/maciejfratczak/sps/frontend/src/app/shared/components/link/link.component.html", "HTML", 0, 0, 0, 0, 0, 0, 0, 0, 0, 0, 0, 0, 0, 3, 0, 1, 4
"/Users/maciejfratczak/sps/frontend/src/app/shared/components/link/link.component.scss", "SCSS", 0, 0, 0, 0, 0, 0, 0, 0, 0, 0, 0, 9, 0, 0, 0, 2, 11
"/Users/maciejfratczak/sps/frontend/src/app/shared/components/link/link.component.spec.ts", "TypeScript", 0, 17, 0, 0, 0, 0, 0, 0, 0, 0, 0, 0, 0, 0, 0, 6, 23
"/Users/maciejfratczak/sps/frontend/src/app/shared/components/link/link.component.ts", "TypeScript", 0, 10, 0, 0, 0, 0, 0, 0, 0, 0, 0, 0, 0, 0, 0, 2, 12
"/Users/maciejfratczak/sps/frontend/src/app/shared/components/loading-spinner/loading-spinner.component.html", "HTML", 0, 0, 0, 0, 0, 0, 0, 0, 0, 0, 0, 0, 0, 3, 0, 1, 4
"/Users/maciejfratczak/sps/frontend/src/app/shared/components/loading-spinner/loading-spinner.component.scss", "SCSS", 0, 0, 0, 0, 0, 0, 0, 0, 0, 0, 0, 4, 0, 0, 0, 1, 5
"/Users/maciejfratczak/sps/frontend/src/app/shared/components/loading-spinner/loading-spinner.component.ts", "TypeScript", 0, 7, 0, 0, 0, 0, 0, 0, 0, 0, 0, 0, 0, 0, 0, 2, 9
"/Users/maciejfratczak/sps/frontend/src/app/shared/components/navbar/navbar.component.html", "HTML", 0, 0, 0, 0, 0, 0, 0, 0, 0, 0, 0, 0, 0, 26, 0, 1, 27
"/Users/maciejfratczak/sps/frontend/src/app/shared/components/navbar/navbar.component.scss", "SCSS", 0, 0, 0, 0, 0, 0, 0, 0, 0, 0, 0, 11, 0, 0, 0, 1, 12
"/Users/maciejfratczak/sps/frontend/src/app/shared/components/navbar/navbar.component.ts", "TypeScript", 0, 31, 0, 0, 0, 0, 0, 0, 0, 0, 0, 0, 0, 0, 0, 6, 37
"/Users/maciejfratczak/sps/frontend/src/app/shared/components/number-chip/number-chip.component.html", "HTML", 0, 0, 0, 0, 0, 0, 0, 0, 0, 0, 0, 0, 0, 3, 0, 1, 4
"/Users/maciejfratczak/sps/frontend/src/app/shared/components/number-chip/number-chip.component.scss", "SCSS", 0, 0, 0, 0, 0, 0, 0, 0, 0, 0, 0, 10, 0, 0, 0, 2, 12
"/Users/maciejfratczak/sps/frontend/src/app/shared/components/number-chip/number-chip.component.ts", "TypeScript", 0, 7, 0, 0, 0, 0, 0, 0, 0, 0, 0, 0, 0, 0, 0, 2, 9
"/Users/maciejfratczak/sps/frontend/src/app/shared/components/page-header/page-header.component.html", "HTML", 0, 0, 0, 0, 0, 0, 0, 0, 0, 0, 0, 0, 0, 8, 0, 1, 9
"/Users/maciejfratczak/sps/frontend/src/app/shared/components/page-header/page-header.component.scss", "SCSS", 0, 0, 0, 0, 0, 0, 0, 0, 0, 0, 0, 13, 0, 0, 0, 1, 14
"/Users/maciejfratczak/sps/frontend/src/app/shared/components/page-header/page-header.component.ts", "TypeScript", 0, 12, 0, 0, 0, 0, 0, 0, 0, 0, 0, 0, 0, 0, 0, 3, 15
"/Users/maciejfratczak/sps/frontend/src/app/shared/components/panel/panel.component.html", "HTML", 0, 0, 0, 0, 0, 0, 0, 0, 0, 0, 0, 0, 0, 12, 0, 1, 13
"/Users/maciejfratczak/sps/frontend/src/app/shared/components/panel/panel.component.scss", "SCSS", 0, 0, 0, 0, 0, 0, 0, 0, 0, 0, 0, 14, 0, 0, 0, 1, 15
"/Users/maciejfratczak/sps/frontend/src/app/shared/components/panel/panel.component.spec.ts", "TypeScript", 0, 18, 0, 0, 0, 0, 0, 0, 0, 0, 0, 0, 0, 0, 0, 6, 24
"/Users/maciejfratczak/sps/frontend/src/app/shared/components/panel/panel.component.ts", "TypeScript", 0, 13, 0, 0, 0, 0, 0, 0, 0, 0, 0, 0, 0, 0, 0, 4, 17
"/Users/maciejfratczak/sps/frontend/src/app/shared/components/parking-lot-expansion-panel/parking-lot-expansion-panel.component.html", "HTML", 0, 0, 0, 0, 0, 0, 0, 0, 0, 0, 0, 0, 0, 25, 0, 1, 26
"/Users/maciejfratczak/sps/frontend/src/app/shared/components/parking-lot-expansion-panel/parking-lot-expansion-panel.component.scss", "SCSS", 0, 0, 0, 0, 0, 0, 0, 0, 0, 0, 0, 10, 0, 0, 0, 1, 11
"/Users/maciejfratczak/sps/frontend/src/app/shared/components/parking-lot-expansion-panel/parking-lot-expansion-panel.component.ts", "TypeScript", 0, 12, 0, 0, 0, 0, 0, 0, 0, 0, 0, 0, 0, 0, 0, 3, 15
"/Users/maciejfratczak/sps/frontend/src/app/shared/components/parking-lots-table/parking-lots-table.component.html", "HTML", 0, 0, 0, 0, 0, 0, 0, 0, 0, 0, 0, 0, 0, 6, 0, 1, 7
"/Users/maciejfratczak/sps/frontend/src/app/shared/components/parking-lots-table/parking-lots-table.component.scss", "SCSS", 0, 0, 0, 0, 0, 0, 0, 0, 0, 0, 0, 0, 0, 0, 0, 1, 1
"/Users/maciejfratczak/sps/frontend/src/app/shared/components/parking-lots-table/parking-lots-table.component.spec.ts", "TypeScript", 0, 25, 0, 0, 0, 0, 0, 0, 0, 0, 0, 0, 0, 0, 0, 6, 31
"/Users/maciejfratczak/sps/frontend/src/app/shared/components/parking-lots-table/parking-lots-table.component.ts", "TypeScript", 0, 62, 0, 0, 0, 0, 0, 0, 0, 0, 0, 0, 0, 0, 0, 8, 70
"/Users/maciejfratczak/sps/frontend/src/app/shared/components/reservation-expansion-panel/reservation-expansion-panel.component.html", "HTML", 0, 0, 0, 0, 0, 0, 0, 0, 0, 0, 0, 0, 0, 29, 0, 1, 30
"/Users/maciejfratczak/sps/frontend/src/app/shared/components/reservation-expansion-panel/reservation-expansion-panel.component.scss", "SCSS", 0, 0, 0, 0, 0, 0, 0, 0, 0, 0, 0, 15, 0, 0, 0, 1, 16
"/Users/maciejfratczak/sps/frontend/src/app/shared/components/reservation-expansion-panel/reservation-expansion-panel.component.spec.ts", "TypeScript", 0, 18, 0, 0, 0, 0, 0, 0, 0, 0, 0, 0, 0, 0, 0, 6, 24
"/Users/maciejfratczak/sps/frontend/src/app/shared/components/reservation-expansion-panel/reservation-expansion-panel.component.ts", "TypeScript", 0, 13, 0, 0, 0, 0, 0, 0, 0, 0, 0, 0, 0, 0, 0, 3, 16
"/Users/maciejfratczak/sps/frontend/src/app/shared/components/reservation-status-chip/reservation-status-chip.component.html", "HTML", 0, 0, 0, 0, 0, 0, 0, 0, 0, 0, 0, 0, 0, 6, 0, 1, 7
"/Users/maciejfratczak/sps/frontend/src/app/shared/components/reservation-status-chip/reservation-status-chip.component.scss", "SCSS", 0, 0, 0, 0, 0, 0, 0, 0, 0, 0, 0, 31, 0, 0, 0, 7, 38
"/Users/maciejfratczak/sps/frontend/src/app/shared/components/reservation-status-chip/reservation-status-chip.component.ts", "TypeScript", 0, 28, 0, 0, 0, 0, 0, 0, 0, 0, 0, 0, 0, 0, 0, 5, 33
"/Users/maciejfratczak/sps/frontend/src/app/shared/components/reservations-table/reservations-table.component.html", "HTML", 0, 0, 0, 0, 0, 0, 0, 0, 0, 0, 0, 0, 0, 30, 0, 2, 32
"/Users/maciejfratczak/sps/frontend/src/app/shared/components/reservations-table/reservations-table.component.scss", "SCSS", 0, 0, 0, 0, 0, 0, 0, 0, 0, 0, 0, 5, 0, 0, 0, 2, 7
"/Users/maciejfratczak/sps/frontend/src/app/shared/components/reservations-table/reservations-table.component.spec.ts", "TypeScript", 0, 18, 0, 0, 0, 0, 0, 0, 0, 0, 0, 0, 0, 0, 0, 6, 24
"/Users/maciejfratczak/sps/frontend/src/app/shared/components/reservations-table/reservations-table.component.ts", "TypeScript", 0, 125, 0, 0, 0, 0, 0, 0, 0, 0, 0, 0, 0, 0, 0, 18, 143
"/Users/maciejfratczak/sps/frontend/src/app/shared/components/sync-table/sync-table.component.spec.ts", "TypeScript", 0, 17, 0, 0, 0, 0, 0, 0, 0, 0, 0, 0, 0, 0, 0, 6, 23
"/Users/maciejfratczak/sps/frontend/src/app/shared/components/sync-table/sync-table.component.ts", "TypeScript", 0, 32, 0, 0, 0, 0, 0, 0, 0, 0, 0, 0, 0, 0, 0, 7, 39
"/Users/maciejfratczak/sps/frontend/src/app/shared/components/table/table.component.html", "HTML", 0, 0, 0, 0, 0, 0, 0, 0, 0, 0, 0, 0, 0, 38, 0, 2, 40
"/Users/maciejfratczak/sps/frontend/src/app/shared/components/table/table.component.scss", "SCSS", 0, 0, 0, 0, 0, 0, 0, 0, 0, 0, 0, 24, 0, 0, 0, 8, 32
"/Users/maciejfratczak/sps/frontend/src/app/shared/components/table/table.component.ts", "TypeScript", 0, 42, 0, 0, 0, 0, 0, 0, 0, 0, 0, 0, 0, 0, 0, 11, 53
"/Users/maciejfratczak/sps/frontend/src/app/shared/components/text/text.component.html", "HTML", 0, 0, 0, 0, 0, 0, 0, 0, 0, 0, 0, 0, 0, 3, 0, 1, 4
"/Users/maciejfratczak/sps/frontend/src/app/shared/components/text/text.component.scss", "SCSS", 0, 0, 0, 0, 0, 0, 0, 0, 0, 0, 0, 16, 0, 0, 0, 1, 17
"/Users/maciejfratczak/sps/frontend/src/app/shared/components/text/text.component.spec.ts", "TypeScript", 0, 17, 0, 0, 0, 0, 0, 0, 0, 0, 0, 0, 0, 0, 0, 6, 23
"/Users/maciejfratczak/sps/frontend/src/app/shared/components/text/text.component.ts", "TypeScript", 0, 16, 0, 0, 0, 0, 0, 0, 0, 0, 0, 0, 0, 0, 0, 4, 20
"/Users/maciejfratczak/sps/frontend/src/app/shared/components/time-left/time-left.component.html", "HTML", 0, 0, 0, 0, 0, 0, 0, 0, 0, 0, 0, 0, 0, 10, 0, 3, 13
"/Users/maciejfratczak/sps/frontend/src/app/shared/components/time-left/time-left.component.scss", "SCSS", 0, 0, 0, 0, 0, 0, 0, 0, 0, 0, 0, 11, 0, 0, 0, 1, 12
"/Users/maciejfratczak/sps/frontend/src/app/shared/components/time-left/time-left.component.spec.ts", "TypeScript", 0, 18, 0, 0, 0, 0, 0, 0, 0, 0, 0, 0, 0, 0, 0, 6, 24
"/Users/maciejfratczak/sps/frontend/src/app/shared/components/time-left/time-left.component.ts", "TypeScript", 0, 36, 0, 0, 0, 0, 0, 0, 0, 0, 0, 0, 0, 0, 0, 7, 43
"/Users/maciejfratczak/sps/frontend/src/app/shared/components/weekdays-form/weekdays-form.component.html", "HTML", 0, 0, 0, 0, 0, 0, 0, 0, 0, 0, 0, 0, 0, 8, 0, 1, 9
"/Users/maciejfratczak/sps/frontend/src/app/shared/components/weekdays-form/weekdays-form.component.scss", "SCSS", 0, 0, 0, 0, 0, 0, 0, 0, 0, 0, 0, 6, 0, 0, 0, 2, 8
"/Users/maciejfratczak/sps/frontend/src/app/shared/components/weekdays-form/weekdays-form.component.ts", "TypeScript", 0, 89, 0, 0, 0, 0, 0, 0, 0, 0, 0, 0, 0, 0, 0, 17, 106
"/Users/maciejfratczak/sps/frontend/src/app/shared/material.module.ts", "TypeScript", 0, 63, 0, 0, 0, 0, 0, 0, 0, 0, 0, 0, 0, 0, 0, 2, 65
"/Users/maciejfratczak/sps/frontend/src/app/shared/pipe/address.pipe.spec.ts", "TypeScript", 0, 11, 0, 0, 0, 0, 0, 0, 0, 0, 0, 0, 0, 0, 0, 2, 13
"/Users/maciejfratczak/sps/frontend/src/app/shared/pipe/address.pipe.ts", "TypeScript", 0, 17, 0, 0, 0, 0, 0, 0, 0, 0, 0, 0, 0, 0, 0, 2, 19
"/Users/maciejfratczak/sps/frontend/src/app/shared/pipe/days.pipe.spec.ts", "TypeScript", 0, 60, 0, 0, 0, 0, 0, 0, 0, 0, 0, 0, 0, 0, 0, 8, 68
"/Users/maciejfratczak/sps/frontend/src/app/shared/pipe/days.pipe.ts", "TypeScript", 0, 35, 0, 0, 0, 0, 0, 0, 0, 0, 0, 0, 0, 0, 0, 5, 40
"/Users/maciejfratczak/sps/frontend/src/app/shared/pipe/hour.pipe.spec.ts", "TypeScript", 0, 11, 0, 0, 0, 0, 0, 0, 0, 0, 0, 0, 0, 0, 0, 2, 13
"/Users/maciejfratczak/sps/frontend/src/app/shared/pipe/hour.pipe.ts", "TypeScript", 0, 9, 0, 0, 0, 0, 0, 0, 0, 0, 0, 0, 0, 0, 0, 2, 11
"/Users/maciejfratczak/sps/frontend/src/app/shared/pipe/hours.pipe.spec.ts", "TypeScript", 0, 7, 0, 0, 0, 0, 0, 0, 0, 0, 0, 0, 0, 0, 0, 2, 9
"/Users/maciejfratczak/sps/frontend/src/app/shared/pipe/hours.pipe.ts", "TypeScript", 0, 13, 0, 0, 0, 0, 0, 0, 0, 0, 0, 0, 0, 0, 0, 2, 15
"/Users/maciejfratczak/sps/frontend/src/app/shared/pipe/time.pipe.spec.ts", "TypeScript", 0, 7, 0, 0, 0, 0, 0, 0, 0, 0, 0, 0, 0, 0, 0, 2, 9
"/Users/maciejfratczak/sps/frontend/src/app/shared/pipe/time.pipe.ts", "TypeScript", 0, 26, 0, 0, 0, 0, 0, 0, 0, 0, 0, 0, 0, 0, 0, 4, 30
"/Users/maciejfratczak/sps/frontend/src/app/shared/service/material.toast.service.ts", "TypeScript", 0, 27, 0, 0, 0, 0, 0, 0, 0, 0, 0, 0, 0, 0, 0, 3, 30
"/Users/maciejfratczak/sps/frontend/src/app/shared/service/paginator.intl.service.ts", "TypeScript", 0, 32, 0, 0, 0, 0, 0, 0, 0, 0, 0, 0, 0, 0, 0, 9, 41
"/Users/maciejfratczak/sps/frontend/src/app/shared/shared.module.ts", "TypeScript", 0, 84, 0, 0, 0, 0, 0, 0, 0, 0, 0, 0, 0, 0, 0, 3, 87
"/Users/maciejfratczak/sps/frontend/src/app/shared/validator.ts", "TypeScript", 0, 103, 0, 0, 0, 0, 0, 0, 0, 0, 0, 0, 0, 0, 0, 10, 113
"/Users/maciejfratczak/sps/frontend/src/assets/i18n/en.json", "JSON", 0, 0, 0, 211, 0, 0, 0, 0, 0, 0, 0, 0, 0, 0, 0, 1, 212
"/Users/maciejfratczak/sps/frontend/src/assets/i18n/pl.json", "JSON", 0, 0, 0, 211, 0, 0, 0, 0, 0, 0, 0, 0, 0, 0, 0, 1, 212
"/Users/maciejfratczak/sps/frontend/src/assets/logo.svg", "XML", 0, 0, 0, 0, 0, 0, 0, 0, 0, 0, 0, 0, 4, 0, 0, 1, 5
"/Users/maciejfratczak/sps/frontend/src/environments/environment.prod.ts", "TypeScript", 0, 6, 0, 0, 0, 0, 0, 0, 0, 0, 0, 0, 0, 0, 0, 1, 7
"/Users/maciejfratczak/sps/frontend/src/environments/environment.ts", "TypeScript", 0, 6, 0, 0, 0, 0, 0, 0, 0, 0, 0, 0, 0, 0, 0, 1, 7
"/Users/maciejfratczak/sps/frontend/src/favicon.svg", "XML", 0, 0, 0, 0, 0, 0, 0, 0, 0, 0, 0, 0, 4, 0, 0, 1, 5
"/Users/maciejfratczak/sps/frontend/src/index.html", "HTML", 0, 0, 0, 0, 0, 0, 0, 0, 0, 0, 0, 0, 0, 16, 0, 1, 17
"/Users/maciejfratczak/sps/frontend/src/main.ts", "TypeScript", 0, 10, 0, 0, 0, 0, 0, 0, 0, 0, 0, 0, 0, 0, 0, 4, 14
"/Users/maciejfratczak/sps/frontend/src/polyfills.ts", "TypeScript", 0, 1, 0, 0, 0, 0, 0, 0, 0, 0, 0, 0, 0, 0, 47, 5, 53
"/Users/maciejfratczak/sps/frontend/src/styles.scss", "SCSS", 0, 0, 0, 0, 0, 0, 0, 0, 0, 0, 0, 17, 0, 0, 1, 8, 26
"/Users/maciejfratczak/sps/frontend/src/test.ts", "TypeScript", 0, 22, 0, 0, 0, 0, 0, 0, 0, 0, 0, 0, 0, 0, 4, 5, 31
"/Users/maciejfratczak/sps/frontend/src/test.utils.ts", "TypeScript", 0, 6, 0, 0, 0, 0, 0, 0, 0, 0, 0, 0, 0, 0, 0, 2, 8
"/Users/maciejfratczak/sps/frontend/test/driver.utils.ts", "TypeScript", 0, 35, 0, 0, 0, 0, 0, 0, 0, 0, 0, 0, 0, 0, 0, 2, 37
"/Users/maciejfratczak/sps/frontend/test/test.util.ts", "TypeScript", 0, 19, 0, 0, 0, 0, 0, 0, 0, 0, 0, 0, 0, 0, 0, 2, 21
"/Users/maciejfratczak/sps/frontend/test/users.util.ts", "TypeScript", 0, 17, 0, 0, 0, 0, 0, 0, 0, 0, 0, 0, 0, 0, 0, 2, 19
"/Users/maciejfratczak/sps/frontend/tsconfig.app.json", "JSON", 0, 0, 0, 14, 0, 0, 0, 0, 0, 0, 0, 0, 0, 0, 1, 1, 16
"/Users/maciejfratczak/sps/frontend/tsconfig.json", "JSON with Comments", 0, 0, 0, 0, 34, 0, 0, 0, 0, 0, 0, 0, 0, 0, 0, 1, 35
"/Users/maciejfratczak/sps/frontend/tsconfig.spec.json", "JSON", 0, 0, 0, 17, 0, 0, 0, 0, 0, 0, 0, 0, 0, 0, 1, 1, 19
"Total", "-", 144, 17992, 210, 907, 55, 82, 12, 51, 79, 13, 89, 723, 8, 1072, 310, 2466, 24213